event_id,timestamp,staff_id,patient_id,action,device,location,break_glass,label,malicious
E000000,2026-01-05 00:05:02,S007,P0072,view_clinical_notes,WS-370,Hospital-LAN,False,normal,False
E000001,2026-01-05 00:07:36,S003,P0157,view_clinical_notes,WS-818,Hospital-LAN,False,normal,False
E000002,2026-01-05 00:39:39,S021,P0041,view_summary,WS-538,Hospital-LAN,False,normal,False
E000003,2026-01-05 00:41:45,S009,P0112,view_summary,WS-400,Hospital-LAN,False,normal,False
E000004,2026-01-05 00:43:06,S009,P0177,view_summary,WS-400,Hospital-LAN,False,normal,False
E000005,2026-01-05 01:07:57,S034,P0056,view_summary,WS-597,Hospital-LAN,False,normal,False
E000006,2026-01-05 01:08:14,S034,P0023,view_summary,WS-597,Hospital-LAN,False,normal,False
E000007,2026-01-05 01:17:40,S009,P0114,view_clinical_notes,WS-400,Hospital-LAN,False,normal,False
E000008,2026-01-05 01:20:28,S007,P0078,view_summary,WS-370,Hospital-LAN,False,normal,False
E000009,2026-01-05 01:22:30,S034,P0190,view_summary,WS-597,Hospital-LAN,False,normal,False
E000010,2026-01-05 01:26:07,S007,P0121,view_clinical_notes,WS-370,Hospital-LAN,False,normal,False
E000011,2026-01-05 01:29:47,S007,P0015,view_summary,WS-370,Hospital-LAN,False,normal,False
E000012,2026-01-05 01:30:42,S021,P0171,view_clinical_notes,WS-538,Hospital-LAN,False,normal,False
E000013,2026-01-05 01:35:47,S014,P0195,view_clinical_notes,WS-275,Hospital-LAN,False,normal,False
E000014,2026-01-05 01:43:19,S018,P0086,view_summary,WS-997,Hospital-LAN,False,normal,False
E000015,2026-01-05 01:45:30,S003,P0041,view_summary,WS-818,Hospital-LAN,False,normal,False
E000016,2026-01-05 01:46:45,S009,P0069,view_clinical_notes,WS-400,Hospital-LAN,False,normal,False
E000017,2026-01-05 01:57:25,S018,P0118,view_summary,WS-997,Hospital-LAN,False,normal,False
E000018,2026-01-05 02:09:40,S036,P0006,view_summary,WS-993,Hospital-LAN,False,normal,False
E000019,2026-01-05 02:24:44,S036,P0186,view_summary,WS-993,Hospital-LAN,False,normal,False
E000020,2026-01-05 02:25:24,S009,P0010,view_summary,WS-400,Hospital-LAN,False,normal,False
E000021,2026-01-05 02:25:54,S018,P0146,view_summary,WS-997,Hospital-LAN,False,normal,False
E000022,2026-01-05 02:52:22,S003,P0049,view_clinical_notes,WS-818,Hospital-LAN,False,normal,False
E000023,2026-01-05 03:09:00,S007,P0067,view_clinical_notes,UNKNOWN-7764,Ext-IP-VPN,False,credential_compromise,True
E000024,2026-01-05 03:09:40,S007,P0194,view_clinical_notes,UNKNOWN-6567,Ext-IP-VPN,False,credential_compromise,True
E000025,2026-01-05 03:10:20,S007,P0148,view_clinical_notes,UNKNOWN-3325,Ext-IP-VPN,False,credential_compromise,True
E000026,2026-01-05 03:11:00,S007,P0192,view_clinical_notes,UNKNOWN-4982,Ext-IP-VPN,False,credential_compromise,True
E000027,2026-01-05 03:11:40,S007,P0028,view_clinical_notes,UNKNOWN-8906,Ext-IP-VPN,False,credential_compromise,True
E000028,2026-01-05 03:12:15,S003,P0065,view_clinical_notes,WS-818,Hospital-LAN,False,normal,False
E000029,2026-01-05 03:12:20,S007,P0184,view_clinical_notes,UNKNOWN-4442,Ext-IP-VPN,False,credential_compromise,True
E000030,2026-01-05 03:13:00,S007,P0043,view_clinical_notes,UNKNOWN-5333,Ext-IP-VPN,False,credential_compromise,True
E000031,2026-01-05 03:13:40,S007,P0093,view_clinical_notes,UNKNOWN-2591,Ext-IP-VPN,False,credential_compromise,True
E000032,2026-01-05 03:20:30,S003,P0109,view_clinical_notes,WS-818,Hospital-LAN,False,normal,False
E000033,2026-01-05 03:26:52,S036,P0103,view_summary,WS-993,Hospital-LAN,False,normal,False
E000034,2026-01-05 03:30:18,S036,P0085,view_summary,WS-993,Hospital-LAN,False,normal,False
E000035,2026-01-05 03:32:17,S021,P0049,view_clinical_notes,WS-538,Hospital-LAN,False,normal,False
E000036,2026-01-05 03:38:00,S034,P0165,view_clinical_notes,UNKNOWN-5799,Ext-IP-VPN,False,credential_compromise,True
E000037,2026-01-05 03:38:40,S034,P0136,view_clinical_notes,UNKNOWN-7527,Ext-IP-VPN,False,credential_compromise,True
E000038,2026-01-05 03:39:20,S034,P0182,view_clinical_notes,UNKNOWN-1653,Ext-IP-VPN,False,credential_compromise,True
E000039,2026-01-05 03:40:00,S034,P0006,view_clinical_notes,UNKNOWN-6953,Ext-IP-VPN,False,credential_compromise,True
E000040,2026-01-05 03:40:40,S034,P0112,view_clinical_notes,UNKNOWN-7544,Ext-IP-VPN,False,credential_compromise,True
E000041,2026-01-05 03:41:16,S003,P0135,view_summary,WS-818,Hospital-LAN,False,normal,False
E000042,2026-01-05 03:41:20,S034,P0123,view_clinical_notes,UNKNOWN-9381,Ext-IP-VPN,False,credential_compromise,True
E000043,2026-01-05 03:42:00,S034,P0185,view_clinical_notes,UNKNOWN-8209,Ext-IP-VPN,False,credential_compromise,True
E000044,2026-01-05 03:42:40,S034,P0015,view_clinical_notes,UNKNOWN-8021,Ext-IP-VPN,False,credential_compromise,True
E000045,2026-01-05 03:56:46,S036,P0107,view_clinical_notes,WS-993,Hospital-LAN,False,normal,False
E000046,2026-01-05 04:08:40,S007,P0097,view_summary,WS-370,Hospital-LAN,False,normal,False
E000047,2026-01-05 04:14:00,S018,P0086,view_clinical_notes,WS-997,Hospital-LAN,False,normal,False
E000048,2026-01-05 04:16:34,S021,P0106,view_summary,WS-538,Hospital-LAN,False,normal,False
E000049,2026-01-05 04:32:48,S034,P0042,view_summary,WS-597,Hospital-LAN,False,normal,False
E000050,2026-01-05 04:39:44,S014,P0147,view_clinical_notes,WS-275,Hospital-LAN,False,normal,False
E000051,2026-01-05 04:45:49,S018,P0105,view_clinical_notes,WS-997,Hospital-LAN,False,normal,False
E000052,2026-01-05 05:25:42,S009,P0114,view_summary,WS-400,Hospital-LAN,False,normal,False
E000053,2026-01-05 05:31:23,S036,P0154,view_clinical_notes,WS-993,Hospital-LAN,False,normal,False
E000054,2026-01-05 05:36:03,S007,P0103,view_summary,WS-370,Hospital-LAN,False,normal,False
E000055,2026-01-05 05:41:53,S014,P0113,view_clinical_notes,WS-275,Hospital-LAN,False,normal,False
E000056,2026-01-05 06:14:03,S003,P0041,view_clinical_notes,WS-818,Hospital-LAN,False,normal,False
E000057,2026-01-05 06:22:32,S009,P0112,view_summary,WS-400,Hospital-LAN,False,normal,False
E000058,2026-01-05 06:26:24,S034,P0114,view_clinical_notes,WS-597,Hospital-LAN,False,normal,False
E000059,2026-01-05 06:28:54,S036,P0154,view_summary,WS-993,Hospital-LAN,False,normal,False
E000060,2026-01-05 06:36:40,S034,P0010,view_summary,WS-597,Hospital-LAN,False,normal,False
E000061,2026-01-05 06:41:05,S018,P0083,view_clinical_notes,WS-997,Hospital-LAN,False,normal,False
E000062,2026-01-05 06:48:33,S021,P0139,view_clinical_notes,WS-538,Hospital-LAN,False,normal,False
E000063,2026-01-05 06:56:35,S009,P0044,view_clinical_notes,WS-400,Hospital-LAN,False,normal,False
E000064,2026-01-05 08:00:03,S031,P0132,view_clinical_notes,WS-880,Hospital-LAN,False,normal,False
E000065,2026-01-05 08:00:47,S039,P0142,view_summary,WS-353,Hospital-LAN,False,normal,False
E000066,2026-01-05 08:09:54,S033,P0020,view_clinical_notes,WS-159,Hospital-LAN,False,normal,False
E000067,2026-01-05 08:12:15,S025,P0180,view_summary,WS-494,Hospital-LAN,False,normal,False
E000068,2026-01-05 08:15:32,S026,P0188,view_summary,WS-796,Hospital-LAN,False,normal,False
E000069,2026-01-05 08:17:55,S022,P0021,view_summary,WS-324,Hospital-LAN,False,normal,False
E000070,2026-01-05 08:20:16,S008,P0027,view_billing,WS-649,Hospital-LAN,False,normal,False
E000071,2026-01-05 08:23:19,S001,P0048,view_billing,WS-704,Hospital-LAN,False,normal,False
E000072,2026-01-05 08:25:12,S022,P0165,view_summary,WS-324,Hospital-LAN,False,normal,False
E000073,2026-01-05 08:25:40,S006,P0077,view_summary,WS-204,Hospital-LAN,False,normal,False
E000074,2026-01-05 08:29:40,S016,P0031,view_summary,WS-801,Hospital-LAN,False,normal,False
E000075,2026-01-05 08:30:42,S019,P0081,view_billing,WS-505,Hospital-LAN,False,normal,False
E000076,2026-01-05 08:35:55,S011,P0163,view_summary,WS-891,Hospital-LAN,False,normal,False
E000077,2026-01-05 08:38:15,S030,P0020,view_summary,WS-961,Hospital-LAN,False,normal,False
E000078,2026-01-05 08:40:12,S016,P0181,view_summary,WS-801,Hospital-LAN,False,normal,False
E000079,2026-01-05 08:41:46,S011,P0181,view_summary,WS-891,Hospital-LAN,False,normal,False
E000080,2026-01-05 08:46:27,S019,P0193,view_billing,WS-505,Hospital-LAN,False,normal,False
E000081,2026-01-05 08:50:00,S020,P0041,view_summary,WS-246,Hospital-LAN,False,normal,False
E000082,2026-01-05 08:55:59,S032,P0032,view_summary,WS-600,Hospital-LAN,False,normal,False
E000083,2026-01-05 08:59:51,S033,P0095,view_clinical_notes,WS-159,Hospital-LAN,False,normal,False
E000084,2026-01-05 09:00:26,S020,P0168,view_summary,WS-246,Hospital-LAN,False,normal,False
E000085,2026-01-05 09:01:31,S037,P0016,view_clinical_notes,WS-508,Hospital-LAN,False,normal,False
E000086,2026-01-05 09:02:00,S011,P0164,view_clinical_notes,WS-891,Hospital-LAN,False,normal,False
E000087,2026-01-05 09:04:32,S039,P0189,view_summary,WS-353,Hospital-LAN,False,normal,False
E000088,2026-01-05 09:05:10,S013,P0082,view_summary,WS-463,Hospital-LAN,False,normal,False
E000089,2026-01-05 09:05:11,S033,P0173,view_summary,WS-159,Hospital-LAN,False,normal,False
E000090,2026-01-05 09:06:00,S026,P0151,view_summary,WS-796,Hospital-LAN,False,normal,False
E000091,2026-01-05 09:07:05,S029,P0098,view_summary,WS-619,Hospital-LAN,False,normal,False
E000092,2026-01-05 09:07:36,S032,P0115,view_clinical_notes,WS-600,Hospital-LAN,False,normal,False
E000093,2026-01-05 09:08:17,S000,P0129,view_clinical_notes,WS-242,Hospital-LAN,False,normal,False
E000094,2026-01-05 09:08:54,S002,P0005,view_clinical_notes,WS-617,Hospital-LAN,False,normal,False
E000095,2026-01-05 09:12:51,S004,P0180,view_summary,WS-928,Hospital-LAN,False,normal,False
E000096,2026-01-05 09:14:19,S038,P0130,view_summary,WS-548,Hospital-LAN,False,normal,False
E000097,2026-01-05 09:17:03,S025,P0098,view_clinical_notes,WS-494,Hospital-LAN,False,normal,False
E000098,2026-01-05 09:19:31,S023,P0113,view_summary,WS-193,Hospital-LAN,False,normal,False
E000099,2026-01-05 09:20:23,S028,P0018,view_clinical_notes,WS-564,Hospital-LAN,False,family_snooping,True
E000100,2026-01-05 09:21:20,S024,P0105,view_billing,WS-256,Hospital-LAN,False,normal,False
E000101,2026-01-05 09:21:40,S030,P0023,view_summary,WS-961,Hospital-LAN,False,normal,False
E000102,2026-01-05 09:25:00,S029,P0142,view_clinical_notes,WS-619,Hospital-LAN,False,normal,False
E000103,2026-01-05 09:25:26,S010,P0010,view_billing,WS-691,Hospital-LAN,False,normal,False
E000104,2026-01-05 09:29:28,S010,P0150,view_billing,WS-691,Hospital-LAN,False,normal,False
E000105,2026-01-05 09:31:47,S010,P0172,view_billing,WS-691,Hospital-LAN,False,normal,False
E000106,2026-01-05 09:33:22,S030,P0184,view_summary,WS-961,Hospital-LAN,False,normal,False
E000107,2026-01-05 09:34:06,S035,P0072,view_billing,WS-231,Hospital-LAN,False,normal,False
E000108,2026-01-05 09:34:07,S030,P0180,view_summary,WS-961,Hospital-LAN,False,normal,False
E000109,2026-01-05 09:41:23,S006,P0068,view_summary,WS-204,Hospital-LAN,False,normal,False
E000110,2026-01-05 09:41:42,S020,P0075,view_summary,WS-246,Hospital-LAN,False,normal,False
E000111,2026-01-05 09:43:35,S027,P0047,view_billing,WS-887,Hospital-LAN,False,normal,False
E000112,2026-01-05 09:46:24,S015,P0197,view_summary,WS-376,Hospital-LAN,False,normal,False
E000113,2026-01-05 09:47:37,S039,P0103,view_summary,WS-353,Hospital-LAN,False,normal,False
E000114,2026-01-05 09:47:58,S038,P0093,view_summary,WS-548,Hospital-LAN,False,normal,False
E000115,2026-01-05 09:48:27,S023,P0097,view_summary,WS-193,Hospital-LAN,False,normal,False
E000116,2026-01-05 09:49:15,S005,P0173,view_summary,WS-814,Hospital-LAN,False,normal,False
E000117,2026-01-05 09:50:38,S010,P0163,view_billing,WS-691,Hospital-LAN,False,normal,False
E000118,2026-01-05 09:52:10,S022,P0183,view_summary,WS-324,Hospital-LAN,False,normal,False
E000119,2026-01-05 09:54:31,S010,P0117,view_billing,WS-691,Hospital-LAN,False,normal,False
E000120,2026-01-05 09:57:05,S000,P0082,view_summary,WS-242,Hospital-LAN,False,normal,False
E000121,2026-01-05 09:59:37,S020,P0198,view_summary,WS-246,Hospital-LAN,False,normal,False
E000122,2026-01-05 09:59:52,S022,P0198,view_summary,WS-324,Hospital-LAN,False,normal,False
E000123,2026-01-05 09:59:54,S006,P0021,view_clinical_notes,WS-204,Hospital-LAN,False,normal,False
E000124,2026-01-05 10:00:04,S017,P0130,view_summary,WS-924,Hospital-LAN,False,normal,False
E000125,2026-01-05 10:03:06,S008,P0087,view_billing,WS-649,Hospital-LAN,False,normal,False
E000126,2026-01-05 10:05:08,S017,P0130,view_clinical_notes,WS-924,Hospital-LAN,False,normal,False
E000127,2026-01-05 10:05:11,S028,P0063,view_summary,WS-564,Hospital-LAN,False,normal,False
E000128,2026-01-05 10:05:20,S032,P0032,view_summary,WS-600,Hospital-LAN,False,normal,False
E000129,2026-01-05 10:07:08,S027,P0141,view_billing,WS-887,Hospital-LAN,False,normal,False
E000130,2026-01-05 10:09:04,S001,P0077,view_billing,WS-704,Hospital-LAN,False,normal,False
E000131,2026-01-05 10:12:35,S017,P0086,view_clinical_notes,WS-924,Hospital-LAN,False,normal,False
E000132,2026-01-05 10:13:19,S020,P0125,view_summary,WS-246,Hospital-LAN,False,normal,False
E000133,2026-01-05 10:15:50,S002,P0105,view_summary,WS-617,Hospital-LAN,False,normal,False
E000134,2026-01-05 10:19:37,S026,P0115,view_clinical_notes,WS-796,Hospital-LAN,False,normal,False
E000135,2026-01-05 10:20:43,S035,P0018,view_billing,WS-231,Hospital-LAN,False,normal,False
E000136,2026-01-05 10:20:48,S030,P0102,view_summary,WS-961,Hospital-LAN,False,normal,False
E000137,2026-01-05 10:20:55,S027,P0108,view_billing,WS-887,Hospital-LAN,False,normal,False
E000138,2026-01-05 10:21:57,S035,P0119,view_billing,WS-231,Hospital-LAN,False,normal,False
E000139,2026-01-05 10:23:35,S012,P0191,view_clinical_notes,WS-384,Hospital-LAN,False,normal,False
E000140,2026-01-05 10:24:40,S012,P0003,view_summary,WS-384,Hospital-LAN,False,normal,False
E000141,2026-01-05 10:25:06,S013,P0009,view_summary,WS-463,Hospital-LAN,False,normal,False
E000142,2026-01-05 10:28:04,S008,P0009,view_billing,WS-649,Hospital-LAN,False,normal,False
E000143,2026-01-05 10:30:19,S026,P0151,view_clinical_notes,WS-796,Hospital-LAN,False,normal,False
E000144,2026-01-05 10:30:28,S028,P0141,view_clinical_notes,WS-564,Hospital-LAN,False,normal,False
E000145,2026-01-05 10:34:14,S011,P0048,view_clinical_notes,WS-891,Hospital-LAN,False,normal,False
E000146,2026-01-05 10:36:35,S019,P0060,view_billing,WS-505,Hospital-LAN,False,normal,False
E000147,2026-01-05 10:38:15,S028,P0079,view_clinical_notes,WS-564,Hospital-LAN,False,normal,False
E000148,2026-01-05 10:38:45,S001,P0022,view_billing,WS-704,Hospital-LAN,False,normal,False
E000149,2026-01-05 10:46:12,S028,P0070,view_clinical_notes,WS-564,Hospital-LAN,False,normal,False
E000150,2026-01-05 10:46:15,S013,P0132,view_clinical_notes,WS-463,Hospital-LAN,False,normal,False
E000151,2026-01-05 10:46:56,S017,P0105,view_clinical_notes,WS-924,Hospital-LAN,False,normal,False
E000152,2026-01-05 10:52:47,S039,P0071,view_summary,WS-353,Hospital-LAN,False,normal,False
E000153,2026-01-05 10:52:50,S028,P0167,view_summary,WS-564,Hospital-LAN,False,normal,False
E000154,2026-01-05 10:53:37,S020,P0157,view_summary,WS-246,Hospital-LAN,False,normal,False
E000155,2026-01-05 10:57:00,S038,P0155,view_summary,WS-548,Hospital-LAN,False,normal,False
E000156,2026-01-05 10:57:45,S002,P0096,view_summary,WS-617,Hospital-LAN,False,normal,False
E000157,2026-01-05 11:04:58,S027,P0101,view_billing,WS-887,Hospital-LAN,False,normal,False
E000158,2026-01-05 11:08:51,S026,P0017,view_summary,WS-796,Hospital-LAN,False,normal,False
E000159,2026-01-05 11:09:21,S015,P0126,view_summary,WS-376,Hospital-LAN,False,normal,False
E000160,2026-01-05 11:11:53,S020,P0100,view_summary,WS-246,Hospital-LAN,False,normal,False
E000161,2026-01-05 11:14:01,S018,P0188,view_clinical_notes,WS-997,Hospital-LAN,False,family_snooping,True
E000162,2026-01-05 11:14:16,S029,P0029,view_clinical_notes,WS-619,Hospital-LAN,False,normal,False
E000163,2026-01-05 11:14:18,S027,P0173,view_billing,WS-887,Hospital-LAN,False,normal,False
E000164,2026-01-05 11:16:42,S005,P0041,view_summary,WS-814,Hospital-LAN,False,normal,False
E000165,2026-01-05 11:18:30,S031,P0068,view_summary,WS-880,Hospital-LAN,False,normal,False
E000166,2026-01-05 11:19:27,S013,P0029,view_summary,WS-463,Hospital-LAN,False,legit_shift_cover,False
E000167,2026-01-05 11:20:27,S019,P0152,view_billing,WS-505,Hospital-LAN,False,normal,False
E000168,2026-01-05 11:20:57,S031,P0002,view_summary,WS-880,Hospital-LAN,False,normal,False
E000169,2026-01-05 11:21:17,S010,P0013,view_billing,WS-691,Hospital-LAN,False,normal,False
E000170,2026-01-05 11:24:55,S033,P0107,view_summary,WS-159,Hospital-LAN,False,normal,False
E000171,2026-01-05 11:25:04,S027,P0140,view_billing,WS-887,Hospital-LAN,False,normal,False
E000172,2026-01-05 11:26:35,S012,P0191,view_clinical_notes,WS-384,Hospital-LAN,False,normal,False
E000173,2026-01-05 11:26:44,S008,P0145,view_billing,WS-649,Hospital-LAN,False,normal,False
E000174,2026-01-05 11:30:06,S027,P0087,view_billing,WS-887,Hospital-LAN,False,normal,False
E000175,2026-01-05 11:32:17,S015,P0034,view_clinical_notes,WS-376,Hospital-LAN,False,normal,False
E000176,2026-01-05 11:32:25,S012,P0123,view_summary,WS-384,Hospital-LAN,False,normal,False
E000177,2026-01-05 11:32:29,S015,P0022,view_summary,WS-376,Hospital-LAN,False,normal,False
E000178,2026-01-05 11:44:28,S037,P0185,view_clinical_notes,WS-508,Hospital-LAN,False,normal,False
E000179,2026-01-05 11:44:38,S004,P0169,view_summary,WS-928,Hospital-LAN,False,normal,False
E000180,2026-01-05 11:44:47,S033,P0108,view_summary,WS-159,Hospital-LAN,False,normal,False
E000181,2026-01-05 11:48:35,S025,P0155,view_summary,WS-494,Hospital-LAN,False,normal,False
E000182,2026-01-05 11:54:28,S022,P0102,view_summary,WS-324,Hospital-LAN,False,normal,False
E000183,2026-01-05 11:59:33,S015,P0079,view_clinical_notes,WS-376,Hospital-LAN,False,normal,False
E000184,2026-01-05 12:00:06,S030,P0099,view_summary,WS-961,Hospital-LAN,False,normal,False
E000185,2026-01-05 12:03:37,S029,P0142,view_summary,WS-619,Hospital-LAN,False,normal,False
E000186,2026-01-05 12:05:13,S037,P0048,view_summary,WS-508,Hospital-LAN,False,normal,False
E000187,2026-01-05 12:13:55,S022,P0043,view_summary,WS-324,Hospital-LAN,False,normal,False
E000188,2026-01-05 12:16:23,S004,P0140,view_clinical_notes,WS-928,Hospital-LAN,False,normal,False
E000189,2026-01-05 12:19:36,S012,P0144,view_clinical_notes,WS-384,Hospital-LAN,False,normal,False
E000190,2026-01-05 12:21:35,S006,P0118,view_summary,WS-204,Hospital-LAN,False,normal,False
E000191,2026-01-05 12:23:00,S026,P0140,view_summary,WS-796,Hospital-LAN,False,normal,False
E000192,2026-01-05 12:23:45,S024,P0198,view_billing,WS-256,Hospital-LAN,False,normal,False
E000193,2026-01-05 12:23:46,S024,P0130,view_clinical_notes,WS-256,Hospital-LAN,False,role_abuse,True
E000194,2026-01-05 12:24:29,S004,P0142,view_clinical_notes,WS-928,Hospital-LAN,False,normal,False
E000195,2026-01-05 12:29:02,S033,P0121,view_summary,WS-159,Hospital-LAN,False,normal,False
E000196,2026-01-05 12:29:27,S023,P0021,view_summary,WS-193,Hospital-LAN,False,normal,False
E000197,2026-01-05 12:35:37,S025,P0160,view_summary,WS-494,Hospital-LAN,False,normal,False
E000198,2026-01-05 12:36:26,S025,P0124,view_summary,WS-494,Hospital-LAN,False,normal,False
E000199,2026-01-05 12:37:56,S026,P0142,view_summary,WS-796,Hospital-LAN,False,normal,False
E000200,2026-01-05 12:40:53,S020,P0167,view_summary,WS-246,Hospital-LAN,False,normal,False
E000201,2026-01-05 12:41:44,S001,P0174,view_billing,WS-704,Hospital-LAN,False,normal,False
E000202,2026-01-05 12:41:48,S023,P0172,view_summary,WS-193,Hospital-LAN,False,normal,False
E000203,2026-01-05 12:47:35,S037,P0059,view_summary,WS-508,Hospital-LAN,False,normal,False
E000204,2026-01-05 12:48:30,S038,P0184,view_summary,WS-548,Hospital-LAN,False,normal,False
E000205,2026-01-05 12:48:59,S011,P0128,view_clinical_notes,WS-891,Hospital-LAN,False,normal,False
E000206,2026-01-05 12:50:04,S016,P0081,view_summary,WS-801,Hospital-LAN,False,normal,False
E000207,2026-01-05 12:50:49,S002,P0044,view_summary,WS-617,Hospital-LAN,False,legit_shift_cover,False
E000208,2026-01-05 12:53:44,S005,P0018,view_summary,WS-814,Hospital-LAN,False,normal,False
E000209,2026-01-05 12:54:10,S002,P0137,view_summary,WS-617,Hospital-LAN,False,normal,False
E000210,2026-01-05 12:58:00,S004,P0076,view_summary,WS-928,Hospital-LAN,False,normal,False
E000211,2026-01-05 13:04:20,S033,P0093,view_clinical_notes,WS-159,Hospital-LAN,False,normal,False
E000212,2026-01-05 13:08:25,S038,P0183,view_summary,WS-548,Hospital-LAN,False,normal,False
E000213,2026-01-05 13:09:24,S032,P0124,view_clinical_notes,WS-600,Hospital-LAN,False,normal,False
E000214,2026-01-05 13:10:56,S008,P0099,view_billing,WS-649,Hospital-LAN,False,normal,False
E000215,2026-01-05 13:16:24,S025,P0188,view_summary,WS-494,Hospital-LAN,False,normal,False
E000216,2026-01-05 13:17:22,S031,P0137,view_clinical_notes,WS-880,Hospital-LAN,False,normal,False
E000217,2026-01-05 13:18:15,S019,P0170,view_billing,WS-505,Hospital-LAN,False,normal,False
E000218,2026-01-05 13:18:32,S024,P0045,view_billing,WS-256,Hospital-LAN,False,normal,False
E000219,2026-01-05 13:20:41,S013,P0077,view_clinical_notes,WS-463,Hospital-LAN,False,normal,False
E000220,2026-01-05 13:21:19,S031,P0009,view_summary,WS-880,Hospital-LAN,False,normal,False
E000221,2026-01-05 13:23:52,S010,P0014,view_billing,WS-691,Hospital-LAN,False,normal,False
E000222,2026-01-05 13:24:36,S029,P0174,view_summary,WS-619,Hospital-LAN,False,normal,False
E000223,2026-01-05 13:27:30,S031,P0002,view_clinical_notes,WS-880,Hospital-LAN,False,normal,False
E000224,2026-01-05 13:29:29,S033,P0153,view_clinical_notes,WS-159,Hospital-LAN,False,normal,False
E000225,2026-01-05 13:32:12,S023,P0129,view_summary,WS-193,Hospital-LAN,False,normal,False
E000226,2026-01-05 13:32:14,S002,P0009,view_summary,WS-617,Hospital-LAN,False,normal,False
E000227,2026-01-05 13:35:36,S002,P0083,view_clinical_notes,WS-617,Hospital-LAN,False,normal,False
E000228,2026-01-05 13:35:51,S016,P0168,view_summary,WS-801,Hospital-LAN,False,normal,False
E000229,2026-01-05 13:40:42,S024,P0064,view_billing,WS-256,Hospital-LAN,False,normal,False
E000230,2026-01-05 13:42:57,S006,P0130,view_summary,WS-204,Hospital-LAN,False,normal,False
E000231,2026-01-05 13:43:22,S015,P0100,view_clinical_notes,WS-376,Hospital-LAN,False,normal,False
E000232,2026-01-05 13:46:52,S037,P0049,view_summary,WS-508,Hospital-LAN,False,normal,False
E000233,2026-01-05 13:47:37,S013,P0111,view_clinical_notes,WS-463,Hospital-LAN,False,normal,False
E000234,2026-01-05 13:49:17,S030,P0038,view_summary,WS-961,Hospital-LAN,False,normal,False
E000235,2026-01-05 13:49:31,S001,P0051,view_billing,WS-704,Hospital-LAN,False,normal,False
E000236,2026-01-05 13:51:47,S030,P0178,view_summary,WS-961,Hospital-LAN,False,normal,False
E000237,2026-01-05 13:52:29,S000,P0086,view_clinical_notes,WS-242,Hospital-LAN,False,normal,False
E000238,2026-01-05 13:56:06,S032,P0087,view_clinical_notes,WS-600,Hospital-LAN,False,normal,False
E000239,2026-01-05 13:57:26,S037,P0181,view_clinical_notes,WS-508,Hospital-LAN,False,normal,False
E000240,2026-01-05 13:59:45,S006,P0183,view_summary,WS-204,Hospital-LAN,False,legit_shift_cover,False
E000241,2026-01-05 14:02:02,S019,P0124,view_billing,WS-505,Hospital-LAN,False,normal,False
E000242,2026-01-05 14:03:25,S024,P0199,view_billing,WS-256,Hospital-LAN,False,normal,False
E000243,2026-01-05 14:04:28,S005,P0157,view_summary,WS-814,Hospital-LAN,False,normal,False
E000244,2026-01-05 14:06:14,S035,P0192,view_billing,WS-231,Hospital-LAN,False,normal,False
E000245,2026-01-05 14:06:20,S025,P0032,view_clinical_notes,WS-494,Hospital-LAN,False,normal,False
E000246,2026-01-05 14:06:50,S030,P0032,view_summary,WS-961,Hospital-LAN,False,normal,False
E000247,2026-01-05 14:09:18,S017,P0176,view_summary,WS-924,Hospital-LAN,False,normal,False
E000248,2026-01-05 14:10:11,S013,P0176,view_summary,WS-463,Hospital-LAN,False,normal,False
E000249,2026-01-05 14:10:36,S033,P0097,view_summary,WS-159,Hospital-LAN,False,normal,False
E000250,2026-01-05 14:11:16,S031,P0196,view_clinical_notes,WS-880,Hospital-LAN,False,normal,False
E000251,2026-01-05 14:11:35,S020,P0122,view_summary,WS-246,Hospital-LAN,False,normal,False
E000252,2026-01-05 14:15:36,S015,P0052,view_clinical_notes,WS-376,Hospital-LAN,False,normal,False
E000253,2026-01-05 14:18:27,S039,P0024,view_summary,WS-353,Hospital-LAN,False,normal,False
E000254,2026-01-05 14:22:20,S032,P0136,view_clinical_notes,WS-600,Hospital-LAN,False,normal,False
E000255,2026-01-05 14:23:06,S012,P0042,view_clinical_notes,WS-384,Hospital-LAN,False,normal,False
E000256,2026-01-05 14:23:07,S005,P0148,view_summary,WS-814,Hospital-LAN,False,normal,False
E000257,2026-01-05 14:26:58,S024,P0107,view_billing,WS-256,Hospital-LAN,False,normal,False
E000258,2026-01-05 14:27:20,S029,P0180,view_clinical_notes,WS-619,Hospital-LAN,False,normal,False
E000259,2026-01-05 14:27:54,S028,P0039,view_clinical_notes,WS-564,Hospital-LAN,False,normal,False
E000260,2026-01-05 14:28:56,S000,P0057,view_clinical_notes,WS-242,Hospital-LAN,False,normal,False
E000261,2026-01-05 14:30:17,S023,P0148,view_summary,WS-193,Hospital-LAN,False,normal,False
E000262,2026-01-05 14:33:25,S019,P0126,view_billing,WS-505,Hospital-LAN,False,normal,False
E000263,2026-01-05 14:35:17,S039,P0127,view_summary,WS-353,Hospital-LAN,False,normal,False
E000264,2026-01-05 14:38:33,S000,P0077,view_clinical_notes,WS-242,Hospital-LAN,False,normal,False
E000265,2026-01-05 14:38:54,S016,P0084,view_summary,WS-801,Hospital-LAN,False,normal,False
E000266,2026-01-05 14:40:14,S025,P0198,view_summary,WS-494,Hospital-LAN,False,normal,False
E000267,2026-01-05 14:40:27,S023,P0024,view_summary,WS-193,Hospital-LAN,False,normal,False
E000268,2026-01-05 14:40:28,S038,P0194,view_summary,WS-548,Hospital-LAN,False,normal,False
E000269,2026-01-05 14:40:39,S013,P0118,view_clinical_notes,WS-463,Hospital-LAN,False,normal,False
E000270,2026-01-05 14:41:10,S008,P0159,view_billing,WS-649,Hospital-LAN,False,normal,False
E000271,2026-01-05 14:43:38,S004,P0151,view_summary,WS-928,Hospital-LAN,False,normal,False
E000272,2026-01-05 14:49:27,S033,P0067,view_clinical_notes,WS-159,Hospital-LAN,False,normal,False
E000273,2026-01-05 14:52:42,S011,P0007,view_clinical_notes,WS-891,Hospital-LAN,False,normal,False
E000274,2026-01-05 14:54:33,S019,P0129,view_billing,WS-505,Hospital-LAN,False,normal,False
E000275,2026-01-05 14:56:52,S015,P0022,view_clinical_notes,WS-376,Hospital-LAN,False,normal,False
E000276,2026-01-05 14:58:15,S004,P0142,view_clinical_notes,WS-928,Hospital-LAN,False,normal,False
E000277,2026-01-05 14:58:45,S029,P0174,view_clinical_notes,WS-619,Hospital-LAN,False,normal,False
E000278,2026-01-05 14:59:58,S022,P0067,view_summary,WS-324,Hospital-LAN,False,normal,False
E000279,2026-01-05 15:00:27,S006,P0037,view_summary,WS-204,Hospital-LAN,False,normal,False
E000280,2026-01-05 15:03:23,S027,P0136,view_billing,WS-887,Hospital-LAN,False,normal,False
E000281,2026-01-05 15:05:23,S028,P0126,view_clinical_notes,WS-564,Hospital-LAN,False,normal,False
E000282,2026-01-05 15:06:51,S004,P0174,view_clinical_notes,WS-928,Hospital-LAN,False,normal,False
E000283,2026-01-05 15:09:40,S033,P0067,view_clinical_notes,WS-159,Hospital-LAN,False,normal,False
E000284,2026-01-05 15:09:49,S024,P0003,view_billing,WS-256,Hospital-LAN,False,normal,False
E000285,2026-01-05 15:11:32,S038,P0189,view_summary,WS-548,Hospital-LAN,False,normal,False
E000286,2026-01-05 15:12:06,S039,P0069,view_summary,WS-353,Hospital-LAN,False,normal,False
E000287,2026-01-05 15:13:10,S035,P0054,view_billing,WS-231,Hospital-LAN,False,normal,False
E000288,2026-01-05 15:13:55,S004,P0198,view_clinical_notes,WS-928,Hospital-LAN,False,normal,False
E000289,2026-01-05 15:18:02,S026,P0038,view_summary,WS-796,Hospital-LAN,False,legit_shift_cover,False
E000290,2026-01-05 15:20:19,S026,P0194,view_summary,WS-796,Hospital-LAN,False,legit_shift_cover,False
E000291,2026-01-05 15:21:35,S010,P0163,view_billing,WS-691,Hospital-LAN,False,normal,False
E000292,2026-01-05 15:25:47,S015,P0053,view_summary,WS-376,Hospital-LAN,False,normal,False
E000293,2026-01-05 15:31:15,S019,P0022,view_billing,WS-505,Hospital-LAN,False,normal,False
E000294,2026-01-05 15:32:48,S025,P0140,view_clinical_notes,WS-494,Hospital-LAN,False,normal,False
E000295,2026-01-05 15:33:21,S026,P0147,view_summary,WS-796,Hospital-LAN,False,normal,False
E000296,2026-01-05 15:35:03,S013,P0000,view_clinical_notes,WS-463,Hospital-LAN,False,normal,False
E000297,2026-01-05 15:35:47,S020,P0122,view_summary,WS-246,Hospital-LAN,False,normal,False
E000298,2026-01-05 15:44:01,S022,P0014,view_summary,WS-324,Hospital-LAN,False,normal,False
E000299,2026-01-05 15:44:26,S032,P0151,view_clinical_notes,WS-600,Hospital-LAN,False,normal,False
E000300,2026-01-05 15:45:19,S037,P0119,view_clinical_notes,WS-508,Hospital-LAN,False,normal,False
E000301,2026-01-05 15:46:39,S026,P0124,view_summary,WS-796,Hospital-LAN,False,normal,False
E000302,2026-01-05 15:47:04,S027,P0102,view_billing,WS-887,Hospital-LAN,False,normal,False
E000303,2026-01-05 15:47:26,S022,P0088,view_summary,WS-324,Hospital-LAN,False,normal,False
E000304,2026-01-05 15:50:44,S012,P0043,view_summary,WS-384,Hospital-LAN,False,normal,False
E000305,2026-01-05 15:51:11,S016,P0161,view_summary,WS-801,Hospital-LAN,False,normal,False
E000306,2026-01-05 15:57:50,S017,P0137,view_clinical_notes,WS-924,Hospital-LAN,False,normal,False
E000307,2026-01-05 16:02:50,S005,P0095,view_summary,WS-814,Hospital-LAN,False,normal,False
E000308,2026-01-05 16:04:22,S022,P0110,view_summary,WS-324,Hospital-LAN,False,normal,False
E000309,2026-01-05 16:05:27,S028,P0150,view_clinical_notes,WS-564,Hospital-LAN,False,normal,False
E000310,2026-01-05 16:06:18,S011,P0089,view_summary,WS-891,Hospital-LAN,False,normal,False
E000311,2026-01-05 16:08:39,S002,P0193,view_summary,WS-617,Hospital-LAN,False,normal,False
E000312,2026-01-05 16:13:42,S017,P0021,view_clinical_notes,WS-924,Hospital-LAN,False,normal,False
E000313,2026-01-05 16:17:38,S030,P0026,view_summary,WS-961,Hospital-LAN,False,normal,False
E000314,2026-01-05 16:18:40,S011,P0049,view_clinical_notes,WS-891,Hospital-LAN,False,normal,False
E000315,2026-01-05 16:21:29,S023,P0178,view_summary,WS-193,Hospital-LAN,False,normal,False
E000316,2026-01-05 16:24:06,S008,P0126,view_billing,WS-649,Hospital-LAN,False,normal,False
E000317,2026-01-05 16:24:41,S001,P0087,view_billing,WS-704,Hospital-LAN,False,normal,False
E000318,2026-01-05 16:26:04,S025,P0136,view_summary,WS-494,Hospital-LAN,False,normal,False
E000319,2026-01-05 16:26:50,S024,P0060,view_billing,WS-256,Hospital-LAN,False,normal,False
E000320,2026-01-05 16:31:02,S020,P0079,view_summary,WS-246,Hospital-LAN,False,normal,False
E000321,2026-01-05 16:35:05,S011,P0089,view_summary,WS-891,Hospital-LAN,False,normal,False
E000322,2026-01-05 16:35:13,S010,P0172,view_billing,WS-691,Hospital-LAN,False,normal,False
E000323,2026-01-05 16:36:39,S016,P0093,view_summary,WS-801,Hospital-LAN,False,normal,False
E000324,2026-01-05 16:38:27,S000,P0009,view_summary,WS-242,Hospital-LAN,False,normal,False
E000325,2026-01-05 16:40:41,S023,P0138,view_summary,WS-193,Hospital-LAN,False,normal,False
E000326,2026-01-05 16:41:24,S010,P0106,view_billing,WS-691,Hospital-LAN,False,normal,False
E000327,2026-01-05 16:46:56,S030,P0081,view_summary,WS-961,Hospital-LAN,False,normal,False
E000328,2026-01-05 16:47:01,S039,P0079,view_summary,WS-353,Hospital-LAN,False,normal,False
E000329,2026-01-05 16:49:13,S033,P0076,view_clinical_notes,WS-159,Hospital-LAN,False,legit_referral,False
E000330,2026-01-05 16:49:34,S001,P0194,view_billing,WS-704,Hospital-LAN,False,normal,False
E000331,2026-01-05 16:50:43,S024,P0095,view_billing,WS-256,Hospital-LAN,False,normal,False
E000332,2026-01-05 16:52:28,S017,P0086,view_clinical_notes,WS-924,Hospital-LAN,False,normal,False
E000333,2026-01-05 17:02:38,S033,P0175,view_clinical_notes,WS-159,Hospital-LAN,False,normal,False
E000334,2026-01-05 17:06:21,S026,P0155,view_summary,WS-796,Hospital-LAN,False,normal,False
E000335,2026-01-05 17:09:58,S019,P0150,view_billing,WS-505,Hospital-LAN,False,normal,False
E000336,2026-01-05 17:11:29,S017,P0111,view_clinical_notes,WS-924,Hospital-LAN,False,normal,False
E000337,2026-01-05 17:18:11,S012,P0040,view_summary,WS-384,Hospital-LAN,False,vip_snooping,True
E000338,2026-01-05 17:23:39,S012,P0090,view_clinical_notes,WS-384,Hospital-LAN,False,normal,False
E000339,2026-01-05 17:25:34,S005,P0133,view_summary,WS-814,Hospital-LAN,False,normal,False
E000340,2026-01-05 17:26:26,S016,P0012,view_summary,WS-801,Hospital-LAN,False,normal,False
E000341,2026-01-05 17:28:40,S028,P0062,view_clinical_notes,WS-564,Hospital-LAN,False,normal,False
E000342,2026-01-05 17:30:53,S019,P0122,view_billing,WS-505,Hospital-LAN,False,normal,False
E000343,2026-01-05 17:34:11,S005,P0179,view_summary,WS-814,Hospital-LAN,False,normal,False
E000344,2026-01-05 17:36:31,S016,P0137,view_summary,WS-801,Hospital-LAN,False,normal,False
E000345,2026-01-05 17:38:39,S038,P0028,view_summary,WS-548,Hospital-LAN,False,normal,False
E000346,2026-01-05 17:39:57,S008,P0127,view_billing,WS-649,Hospital-LAN,False,normal,False
E000347,2026-01-05 17:41:25,S013,P0068,view_clinical_notes,WS-463,Hospital-LAN,False,normal,False
E000348,2026-01-05 17:44:45,S035,P0106,view_billing,WS-231,Hospital-LAN,False,normal,False
E000349,2026-01-05 17:50:53,S026,P0076,view_summary,WS-796,Hospital-LAN,False,normal,False
E000350,2026-01-05 17:54:19,S039,P0085,view_summary,WS-353,Hospital-LAN,False,normal,False
E000351,2026-01-05 17:54:31,S006,P0166,view_clinical_notes,WS-204,Hospital-LAN,False,normal,False
E000352,2026-01-05 18:00:43,S031,P0117,view_summary,WS-880,Hospital-LAN,False,normal,False
E000353,2026-01-05 18:03:19,S031,P0009,view_clinical_notes,WS-880,Hospital-LAN,False,normal,False
E000354,2026-01-05 18:04:21,S025,P0092,view_clinical_notes,WS-494,Hospital-LAN,False,low_slow_in_ward,True
E000355,2026-01-05 18:06:31,S000,P0137,view_clinical_notes,WS-242,Hospital-LAN,False,normal,False
E000356,2026-01-05 18:14:08,S025,P0150,view_summary,WS-494,Hospital-LAN,False,legit_shift_cover,False
E000357,2026-01-05 18:15:33,S037,P0065,view_clinical_notes,WS-508,Hospital-LAN,False,normal,False
E000358,2026-01-05 18:16:23,S000,P0196,view_summary,WS-242,Hospital-LAN,False,normal,False
E000359,2026-01-05 18:18:19,S008,P0062,view_billing,WS-649,Hospital-LAN,False,normal,False
E000360,2026-01-05 18:18:45,S035,P0156,view_billing,WS-231,Hospital-LAN,False,normal,False
E000361,2026-01-05 18:19:10,S006,P0176,view_clinical_notes,WS-204,Hospital-LAN,False,normal,False
E000362,2026-01-05 18:20:56,S022,P0169,view_summary,WS-324,Hospital-LAN,False,normal,False
E000363,2026-01-05 18:21:56,S001,P0163,view_billing,WS-704,Hospital-LAN,False,normal,False
E000364,2026-01-05 18:23:59,S032,P0087,view_summary,WS-600,Hospital-LAN,False,normal,False
E000365,2026-01-05 18:28:50,S022,P0169,view_summary,WS-324,Hospital-LAN,False,normal,False
E000366,2026-01-05 18:31:08,S005,P0167,view_summary,WS-814,Hospital-LAN,False,normal,False
E000367,2026-01-05 18:32:16,S026,P0110,view_clinical_notes,WS-796,Hospital-LAN,False,normal,False
E000368,2026-01-05 18:37:16,S012,P0088,view_clinical_notes,WS-384,Hospital-LAN,False,normal,False
E000369,2026-01-05 18:38:08,S023,P0094,view_summary,WS-193,Hospital-LAN,False,normal,False
E000370,2026-01-05 18:41:29,S038,P0100,view_summary,WS-548,Hospital-LAN,False,normal,False
E000371,2026-01-05 18:41:50,S029,P0142,view_clinical_notes,WS-619,Hospital-LAN,False,normal,False
E000372,2026-01-05 18:41:56,S000,P0162,view_summary,WS-242,Hospital-LAN,False,normal,False
E000373,2026-01-05 18:42:27,S001,P0134,view_billing,WS-704,Hospital-LAN,False,normal,False
E000374,2026-01-05 18:43:19,S032,P0151,view_clinical_notes,WS-600,Hospital-LAN,False,normal,False
E000375,2026-01-05 18:43:45,S023,P0041,view_summary,WS-193,Hospital-LAN,False,normal,False
E000376,2026-01-05 18:44:53,S001,P0194,view_billing,WS-704,Hospital-LAN,False,normal,False
E000377,2026-01-05 18:45:51,S024,P0174,view_billing,WS-256,Hospital-LAN,False,normal,False
E000378,2026-01-05 18:48:03,S006,P0002,view_summary,WS-204,Hospital-LAN,False,normal,False
E000379,2026-01-05 18:50:53,S006,P0096,view_summary,WS-204,Hospital-LAN,False,normal,False
E000380,2026-01-05 18:54:20,S002,P0132,view_clinical_notes,WS-617,Hospital-LAN,False,normal,False
E000381,2026-01-05 18:56:58,S011,P0185,view_clinical_notes,WS-891,Hospital-LAN,False,normal,False
E000382,2026-01-05 18:57:19,S027,P0024,view_billing,WS-887,Hospital-LAN,False,normal,False
E000383,2026-01-05 18:59:30,S000,P0005,view_summary,WS-242,Hospital-LAN,False,normal,False
E000384,2026-01-05 18:59:41,S024,P0039,view_billing,WS-256,Hospital-LAN,False,normal,False
E000385,2026-01-05 18:59:50,S029,P0032,view_summary,WS-619,Hospital-LAN,False,normal,False
E000386,2026-01-05 19:00:06,S035,P0049,view_billing,WS-231,Hospital-LAN,False,normal,False
E000387,2026-01-05 19:04:35,S002,P0117,view_clinical_notes,WS-617,Hospital-LAN,False,normal,False
E000388,2026-01-05 19:04:35,S008,P0024,view_billing,WS-649,Hospital-LAN,False,normal,False
E000389,2026-01-05 19:06:20,S000,P0094,view_clinical_notes,WS-242,Hospital-LAN,False,normal,False
E000390,2026-01-05 19:07:36,S029,P0110,view_summary,WS-619,Hospital-LAN,False,normal,False
E000391,2026-01-05 19:07:47,S004,P0180,view_clinical_notes,WS-928,Hospital-LAN,False,normal,False
E000392,2026-01-05 19:07:52,S039,P0099,view_summary,WS-353,Hospital-LAN,False,normal,False
E000393,2026-01-05 19:08:54,S012,P0027,view_summary,WS-384,Hospital-LAN,False,normal,False
E000394,2026-01-05 19:11:46,S038,P0154,view_summary,WS-548,Hospital-LAN,False,normal,False
E000395,2026-01-05 19:18:07,S038,P0089,view_summary,WS-548,Hospital-LAN,False,normal,False
E000396,2026-01-05 19:18:12,S016,P0001,view_summary,WS-801,Hospital-LAN,False,normal,False
E000397,2026-01-05 19:19:54,S035,P0181,view_billing,WS-231,Hospital-LAN,False,normal,False
E000398,2026-01-05 19:24:25,S017,P0086,view_clinical_notes,WS-924,Hospital-LAN,False,normal,False
E000399,2026-01-05 19:29:45,S005,P0055,view_summary,WS-814,Hospital-LAN,False,normal,False
E000400,2026-01-05 19:34:32,S037,P0041,view_summary,WS-508,Hospital-LAN,False,normal,False
E000401,2026-01-05 19:37:02,S011,P0028,view_clinical_notes,WS-891,Hospital-LAN,False,normal,False
E000402,2026-01-05 19:37:25,S017,P0130,view_clinical_notes,WS-924,Hospital-LAN,False,normal,False
E000403,2026-01-05 19:38:31,S027,P0007,view_billing,WS-887,Hospital-LAN,False,normal,False
E000404,2026-01-05 19:44:38,S016,P0185,view_summary,WS-801,Hospital-LAN,False,normal,False
E000405,2026-01-05 19:44:47,S013,P0005,view_summary,WS-463,Hospital-LAN,False,normal,False
E000406,2026-01-05 19:46:26,S019,P0057,view_billing,WS-505,Hospital-LAN,False,normal,False
E000407,2026-01-05 19:47:57,S011,P0109,view_summary,WS-891,Hospital-LAN,False,normal,False
E000408,2026-01-05 20:18:29,S036,P0020,view_clinical_notes,WS-993,Hospital-LAN,False,normal,False
E000409,2026-01-05 20:18:45,S003,P0031,view_clinical_notes,WS-818,Hospital-LAN,False,normal,False
E000410,2026-01-05 20:23:14,S014,P0151,view_summary,WS-275,Hospital-LAN,False,normal,False
E000411,2026-01-05 20:27:56,S021,P0045,view_clinical_notes,WS-538,Hospital-LAN,False,normal,False
E000412,2026-01-05 20:37:19,S036,P0014,view_clinical_notes,WS-993,Hospital-LAN,False,normal,False
E000413,2026-01-05 20:41:31,S009,P0104,view_clinical_notes,WS-400,Hospital-LAN,False,normal,False
E000414,2026-01-05 20:42:24,S018,P0068,view_summary,WS-997,Hospital-LAN,False,normal,False
E000415,2026-01-05 20:53:04,S021,P0139,view_summary,WS-538,Hospital-LAN,False,normal,False
E000416,2026-01-05 20:58:58,S036,P0095,view_summary,WS-993,Hospital-LAN,False,normal,False
E000417,2026-01-05 20:59:58,S014,P0076,view_clinical_notes,WS-275,Hospital-LAN,False,normal,False
E000418,2026-01-05 21:00:32,S009,P0145,view_clinical_notes,WS-400,Hospital-LAN,False,normal,False
E000419,2026-01-05 21:07:16,S021,P0139,view_clinical_notes,WS-538,Hospital-LAN,False,normal,False
E000420,2026-01-05 21:12:08,S007,P0175,view_summary,WS-370,Hospital-LAN,False,normal,False
E000421,2026-01-05 21:29:51,S014,P0155,view_summary,WS-275,Hospital-LAN,False,normal,False
E000422,2026-01-05 21:30:08,S009,P0088,view_summary,WS-400,Hospital-LAN,False,normal,False
E000423,2026-01-05 21:31:12,S014,P0029,view_summary,WS-275,Hospital-LAN,False,normal,False
E000424,2026-01-05 21:36:34,S018,P0194,view_clinical_notes,WS-997,Hospital-LAN,False,normal,False
E000425,2026-01-05 22:06:10,S007,P0107,view_clinical_notes,WS-370,Hospital-LAN,False,normal,False
E000426,2026-01-05 22:06:39,S003,P0165,view_summary,WS-818,Hospital-LAN,False,normal,False
E000427,2026-01-05 22:11:19,S034,P0003,view_summary,WS-597,Hospital-LAN,False,normal,False
E000428,2026-01-05 22:11:55,S014,P0017,view_summary,WS-275,Hospital-LAN,False,normal,False
E000429,2026-01-05 22:24:38,S021,P0091,view_summary,WS-538,Hospital-LAN,False,normal,False
E000430,2026-01-05 22:32:47,S036,P0159,view_summary,WS-993,Hospital-LAN,False,normal,False
E000431,2026-01-05 22:33:47,S034,P0088,view_summary,WS-597,Hospital-LAN,False,normal,False
E000432,2026-01-05 22:33:48,S009,P0074,view_summary,WS-400,Hospital-LAN,False,normal,False
E000433,2026-01-05 22:46:09,S036,P0193,view_summary,WS-993,Hospital-LAN,False,legit_shift_cover,False
E000434,2026-01-05 22:52:47,S036,P0154,view_summary,WS-993,Hospital-LAN,False,normal,False
E000435,2026-01-05 23:03:42,S003,P0156,view_summary,WS-818,Hospital-LAN,False,normal,False
E000436,2026-01-05 23:18:16,S007,P0093,view_clinical_notes,WS-370,Hospital-LAN,False,normal,False
E000437,2026-01-05 23:18:42,S021,P0139,view_clinical_notes,WS-538,Hospital-LAN,False,normal,False
E000438,2026-01-05 23:19:49,S003,P0081,view_summary,WS-818,Hospital-LAN,False,normal,False
E000439,2026-01-05 23:38:01,S034,P0190,view_summary,WS-597,Hospital-LAN,False,normal,False
E000440,2026-01-05 23:40:08,S021,P0007,view_summary,WS-538,Hospital-LAN,False,normal,False
E000441,2026-01-05 23:52:34,S003,P0065,view_clinical_notes,WS-818,Hospital-LAN,False,normal,False
E000442,2026-01-06 00:26:50,S009,P0123,view_clinical_notes,WS-400,Hospital-LAN,False,normal,False
E000443,2026-01-06 00:30:12,S034,P0023,view_clinical_notes,WS-597,Hospital-LAN,False,normal,False
E000444,2026-01-06 00:37:18,S009,P0172,view_summary,WS-400,Hospital-LAN,False,normal,False
E000445,2026-01-06 00:41:03,S003,P0031,view_summary,WS-818,Hospital-LAN,False,normal,False
E000446,2026-01-06 00:50:48,S036,P0154,view_clinical_notes,WS-993,Hospital-LAN,False,normal,False
E000447,2026-01-06 00:56:38,S034,P0167,view_summary,WS-597,Hospital-LAN,False,legit_shift_cover,False
E000448,2026-01-06 01:18:29,S003,P0185,view_clinical_notes,WS-818,Hospital-LAN,False,normal,False
E000449,2026-01-06 01:22:51,S021,P0165,view_summary,WS-538,Hospital-LAN,False,normal,False
E000450,2026-01-06 01:41:46,S036,P0131,view_clinical_notes,WS-993,Hospital-LAN,False,normal,False
E000451,2026-01-06 01:54:24,S021,P0128,view_clinical_notes,WS-538,Hospital-LAN,False,normal,False
E000452,2026-01-06 01:55:45,S009,P0044,view_summary,WS-400,Hospital-LAN,False,normal,False
E000453,2026-01-06 01:57:20,S014,P0142,view_clinical_notes,WS-275,Hospital-LAN,False,normal,False
E000454,2026-01-06 01:57:45,S036,P0116,view_clinical_notes,WS-993,Hospital-LAN,False,normal,False
E000455,2026-01-06 02:03:55,S009,P0042,view_summary,WS-400,Hospital-LAN,False,normal,False
E000456,2026-01-06 02:04:58,S036,P0153,view_clinical_notes,WS-993,Hospital-LAN,False,normal,False
E000457,2026-01-06 02:16:31,S021,P0165,view_clinical_notes,WS-538,Hospital-LAN,False,normal,False
E000458,2026-01-06 02:30:38,S036,P0154,view_summary,WS-993,Hospital-LAN,False,normal,False
E000459,2026-01-06 02:31:48,S021,P0045,view_clinical_notes,WS-538,Hospital-LAN,False,normal,False
E000460,2026-01-06 02:32:25,S034,P0047,view_clinical_notes,WS-597,Hospital-LAN,False,normal,False
E000461,2026-01-06 02:38:47,S034,P0090,view_clinical_notes,WS-597,Hospital-LAN,False,normal,False
E000462,2026-01-06 02:50:31,S003,P0054,view_clinical_notes,WS-818,Hospital-LAN,False,normal,False
E000463,2026-01-06 02:56:53,S003,P0054,view_summary,WS-818,Hospital-LAN,False,normal,False
E000464,2026-01-06 03:02:17,S003,P0197,view_summary,WS-818,Hospital-LAN,True,legit_break_glass,False
E000465,2026-01-06 03:03:55,S009,P0018,view_clinical_notes,WS-400,Hospital-LAN,False,normal,False
E000466,2026-01-06 03:10:56,S034,P0010,view_clinical_notes,WS-597,Hospital-LAN,False,normal,False
E000467,2026-01-06 03:19:29,S007,P0078,view_summary,WS-370,Hospital-LAN,False,normal,False
E000468,2026-01-06 03:21:40,S009,P0044,view_clinical_notes,WS-400,Hospital-LAN,False,normal,False
E000469,2026-01-06 03:24:04,S018,P0166,view_clinical_notes,WS-997,Hospital-LAN,False,normal,False
E000470,2026-01-06 03:34:53,S018,P0166,view_clinical_notes,WS-997,Hospital-LAN,False,normal,False
E000471,2026-01-06 03:35:54,S021,P0051,view_summary,WS-538,Hospital-LAN,False,normal,False
E000472,2026-01-06 03:41:12,S003,P0081,view_clinical_notes,WS-818,Hospital-LAN,False,normal,False
E000473,2026-01-06 03:45:54,S036,P0186,view_summary,WS-993,Hospital-LAN,False,normal,False
E000474,2026-01-06 03:48:49,S018,P0077,view_summary,WS-997,Hospital-LAN,False,normal,False
E000475,2026-01-06 04:03:43,S007,P0085,view_clinical_notes,WS-370,Hospital-LAN,False,normal,False
E000476,2026-01-06 04:04:11,S036,P0153,view_summary,WS-993,Hospital-LAN,False,normal,False
E000477,2026-01-06 04:06:06,S014,P0174,view_summary,WS-275,Hospital-LAN,False,normal,False
E000478,2026-01-06 04:21:42,S014,P0033,view_clinical_notes,WS-275,Hospital-LAN,False,normal,False
E000479,2026-01-06 04:24:12,S014,P0076,view_summary,WS-275,Hospital-LAN,False,normal,False
E000480,2026-01-06 04:41:18,S034,P0172,view_clinical_notes,WS-597,Hospital-LAN,False,normal,False
E000481,2026-01-06 04:47:46,S003,P0016,view_summary,WS-818,Hospital-LAN,False,normal,False
E000482,2026-01-06 04:59:10,S003,P0125,view_clinical_notes,WS-818,Hospital-LAN,False,normal,False
E000483,2026-01-06 05:02:13,S007,P0093,view_summary,WS-370,Hospital-LAN,False,normal,False
E000484,2026-01-06 05:06:38,S034,P0149,view_clinical_notes,WS-597,Hospital-LAN,False,normal,False
E000485,2026-01-06 05:40:11,S014,P0142,view_clinical_notes,WS-275,Hospital-LAN,False,normal,False
E000486,2026-01-06 05:43:22,S021,P0081,view_clinical_notes,WS-538,Hospital-LAN,False,normal,False
E000487,2026-01-06 06:03:00,S009,P0168,view_clinical_notes,WS-400,Hospital-LAN,False,normal,False
E000488,2026-01-06 06:05:14,S009,P0144,view_summary,WS-400,Hospital-LAN,False,normal,False
E000489,2026-01-06 06:12:19,S018,P0137,view_clinical_notes,WS-997,Hospital-LAN,False,normal,False
E000490,2026-01-06 06:21:24,S021,P0041,view_clinical_notes,WS-538,Hospital-LAN,False,normal,False
E000491,2026-01-06 06:29:44,S014,P0160,view_clinical_notes,WS-275,Hospital-LAN,False,normal,False
E000492,2026-01-06 06:35:43,S021,P0157,view_clinical_notes,WS-538,Hospital-LAN,False,normal,False
E000493,2026-01-06 08:00:52,S025,P0124,view_clinical_notes,WS-494,Hospital-LAN,False,normal,False
E000494,2026-01-06 08:01:59,S022,P0146,view_summary,WS-324,Hospital-LAN,False,normal,False
E000495,2026-01-06 08:02:36,S017,P0105,view_clinical_notes,WS-924,Hospital-LAN,False,normal,False
E000496,2026-01-06 08:02:42,S013,P0083,view_clinical_notes,WS-463,Hospital-LAN,False,normal,False
E000497,2026-01-06 08:05:57,S033,P0103,view_clinical_notes,WS-159,Hospital-LAN,False,normal,False
E000498,2026-01-06 08:07:48,S020,P0072,view_summary,WS-246,Hospital-LAN,False,normal,False
E000499,2026-01-06 08:08:12,S031,P0094,view_clinical_notes,WS-880,Hospital-LAN,False,normal,False
E000500,2026-01-06 08:10:47,S025,P0142,view_summary,WS-494,Hospital-LAN,False,normal,False
E000501,2026-01-06 08:14:13,S037,P0120,view_summary,WS-508,Hospital-LAN,False,normal,False
E000502,2026-01-06 08:16:35,S004,P0198,view_clinical_notes,WS-928,Hospital-LAN,False,normal,False
E000503,2026-01-06 08:17:44,S039,P0055,view_summary,WS-353,Hospital-LAN,False,normal,False
E000504,2026-01-06 08:21:22,S010,P0167,view_billing,WS-691,Hospital-LAN,False,normal,False
E000505,2026-01-06 08:23:00,S008,P0112,view_billing,WS-649,Hospital-LAN,False,normal,False
E000506,2026-01-06 08:23:00,S026,P0019,view_clinical_notes,WS-796,Hospital-LAN,False,normal,False
E000507,2026-01-06 08:25:39,S022,P0112,view_summary,WS-324,Hospital-LAN,False,normal,False
E000508,2026-01-06 08:31:14,S026,P0198,view_summary,WS-796,Hospital-LAN,False,normal,False
E000509,2026-01-06 08:34:48,S037,P0109,view_summary,WS-508,Hospital-LAN,False,normal,False
E000510,2026-01-06 08:35:07,S026,P0032,view_clinical_notes,WS-796,Hospital-LAN,False,normal,False
E000511,2026-01-06 08:35:50,S033,P0134,view_summary,WS-159,Hospital-LAN,False,normal,False
E000512,2026-01-06 08:37:58,S031,P0193,view_summary,WS-880,Hospital-LAN,False,normal,False
E000513,2026-01-06 08:49:31,S039,P0066,view_summary,WS-353,Hospital-LAN,False,normal,False
E000514,2026-01-06 08:55:24,S037,P0120,view_clinical_notes,WS-508,Hospital-LAN,False,normal,False
E000515,2026-01-06 08:57:10,S010,P0130,view_billing,WS-691,Hospital-LAN,False,normal,False
E000516,2026-01-06 08:58:07,S028,P0102,view_summary,WS-564,Hospital-LAN,False,normal,False
E000517,2026-01-06 08:58:46,S030,P0168,view_summary,WS-961,Hospital-LAN,False,normal,False
E000518,2026-01-06 09:06:16,S013,P0129,view_summary,WS-463,Hospital-LAN,False,normal,False
E000519,2026-01-06 09:06:19,S035,P0193,view_billing,WS-231,Hospital-LAN,False,normal,False
E000520,2026-01-06 09:11:42,S011,P0164,view_summary,WS-891,Hospital-LAN,False,normal,False
E000521,2026-01-06 09:16:14,S005,P0134,view_summary,WS-814,Hospital-LAN,False,normal,False
E000522,2026-01-06 09:16:14,S012,P0145,view_summary,WS-384,Hospital-LAN,False,normal,False
E000523,2026-01-06 09:18:39,S011,P0028,view_summary,WS-891,Hospital-LAN,False,normal,False
E000524,2026-01-06 09:20:23,S006,P0193,view_clinical_notes,WS-204,Hospital-LAN,False,normal,False
E000525,2026-01-06 09:21:12,S026,P0160,view_clinical_notes,WS-796,Hospital-LAN,False,normal,False
E000526,2026-01-06 09:22:18,S038,P0044,view_summary,WS-548,Hospital-LAN,False,normal,False
E000527,2026-01-06 09:24:23,S019,P0123,view_billing,WS-505,Hospital-LAN,False,normal,False
E000528,2026-01-06 09:27:06,S000,P0146,view_clinical_notes,WS-242,Hospital-LAN,False,normal,False
E000529,2026-01-06 09:29:12,S022,P0069,view_summary,WS-324,Hospital-LAN,False,normal,False
E000530,2026-01-06 09:33:09,S002,P0077,view_summary,WS-617,Hospital-LAN,False,normal,False
E000531,2026-01-06 09:34:39,S031,P0082,view_clinical_notes,WS-880,Hospital-LAN,False,normal,False
E000532,2026-01-06 09:35:10,S039,P0055,view_summary,WS-353,Hospital-LAN,False,normal,False
E000533,2026-01-06 09:37:30,S017,P0196,view_summary,WS-924,Hospital-LAN,False,normal,False
E000534,2026-01-06 09:37:45,S032,P0115,view_summary,WS-600,Hospital-LAN,False,normal,False
E000535,2026-01-06 09:38:47,S020,P0095,view_summary,WS-246,Hospital-LAN,False,normal,False
E000536,2026-01-06 09:39:18,S016,P0160,view_summary,WS-801,Hospital-LAN,False,vip_snooping,True
E000537,2026-01-06 09:41:59,S013,P0193,view_clinical_notes,WS-463,Hospital-LAN,False,normal,False
E000538,2026-01-06 09:46:15,S030,P0024,view_summary,WS-961,Hospital-LAN,False,normal,False
E000539,2026-01-06 09:46:42,S033,P0131,view_summary,WS-159,Hospital-LAN,False,normal,False
E000540,2026-01-06 09:47:42,S023,P0122,view_summary,WS-193,Hospital-LAN,False,normal,False
E000541,2026-01-06 09:48:26,S010,P0012,view_billing,WS-691,Hospital-LAN,False,normal,False
E000542,2026-01-06 09:56:06,S031,P0013,view_summary,WS-880,Hospital-LAN,False,normal,False
E000543,2026-01-06 10:02:52,S038,P0193,view_summary,WS-548,Hospital-LAN,False,normal,False
E000544,2026-01-06 10:04:17,S033,P0097,view_summary,WS-159,Hospital-LAN,False,normal,False
E000545,2026-01-06 10:08:43,S023,P0078,view_summary,WS-193,Hospital-LAN,False,normal,False
E000546,2026-01-06 10:08:46,S004,P0142,view_clinical_notes,WS-928,Hospital-LAN,False,normal,False
E000547,2026-01-06 10:12:21,S016,P0089,view_summary,WS-801,Hospital-LAN,False,normal,False
E000548,2026-01-06 10:14:39,S011,P0064,view_summary,WS-891,Hospital-LAN,False,normal,False
E000549,2026-01-06 10:16:56,S035,P0020,view_billing,WS-231,Hospital-LAN,False,normal,False
E000550,2026-01-06 10:18:58,S038,P0068,view_summary,WS-548,Hospital-LAN,False,normal,False
E000551,2026-01-06 10:19:00,S013,P0000,view_summary,WS-463,Hospital-LAN,False,normal,False
E000552,2026-01-06 10:19:19,S006,P0026,view_summary,WS-204,Hospital-LAN,False,legit_shift_cover,False
E000553,2026-01-06 10:19:44,S015,P0197,view_summary,WS-376,Hospital-LAN,False,normal,False
E000554,2026-01-06 10:20:41,S002,P0005,view_clinical_notes,WS-617,Hospital-LAN,False,normal,False
E000555,2026-01-06 10:20:53,S015,P0052,view_summary,WS-376,Hospital-LAN,False,normal,False
E000556,2026-01-06 10:20:59,S002,P0137,view_summary,WS-617,Hospital-LAN,False,normal,False
E000557,2026-01-06 10:23:56,S008,P0100,view_billing,WS-649,Hospital-LAN,False,normal,False
E000558,2026-01-06 10:24:49,S006,P0170,view_summary,WS-204,Hospital-LAN,False,normal,False
E000559,2026-01-06 10:27:38,S017,P0000,view_clinical_notes,WS-924,Hospital-LAN,False,normal,False
E000560,2026-01-06 10:33:18,S035,P0006,view_clinical_notes,WS-231,Hospital-LAN,False,role_abuse,True
E000561,2026-01-06 10:35:03,S000,P0118,view_clinical_notes,WS-242,Hospital-LAN,False,normal,False
E000562,2026-01-06 10:38:36,S027,P0082,view_billing,WS-887,Hospital-LAN,False,normal,False
E000563,2026-01-06 10:40:31,S012,P0168,view_summary,WS-384,Hospital-LAN,False,normal,False
E000564,2026-01-06 10:42:30,S000,P0057,view_summary,WS-242,Hospital-LAN,False,normal,False
E000565,2026-01-06 10:43:37,S022,P0086,view_summary,WS-324,Hospital-LAN,False,normal,False
E000566,2026-01-06 10:46:35,S025,P0087,view_clinical_notes,WS-494,Hospital-LAN,False,normal,False
E000567,2026-01-06 10:46:46,S017,P0111,view_clinical_notes,WS-924,Hospital-LAN,False,normal,False
E000568,2026-01-06 10:47:42,S029,P0192,view_summary,WS-619,Hospital-LAN,False,normal,False
E000569,2026-01-06 10:50:55,S019,P0097,view_billing,WS-505,Hospital-LAN,False,normal,False
E000570,2026-01-06 10:52:12,S001,P0158,view_billing,WS-704,Hospital-LAN,False,normal,False
E000571,2026-01-06 10:52:18,S029,P0188,view_summary,WS-619,Hospital-LAN,False,normal,False
E000572,2026-01-06 10:52:45,S029,P0076,view_summary,WS-619,Hospital-LAN,False,normal,False
E000573,2026-01-06 10:53:25,S023,P0012,view_summary,WS-193,Hospital-LAN,False,normal,False
E000574,2026-01-06 10:58:07,S032,P0017,view_clinical_notes,WS-600,Hospital-LAN,False,normal,False
E000575,2026-01-06 10:58:12,S028,P0012,view_summary,WS-564,Hospital-LAN,False,normal,False
E000576,2026-01-06 10:58:56,S004,P0142,view_summary,WS-928,Hospital-LAN,False,normal,False
E000577,2026-01-06 11:00:09,S027,P0117,view_billing,WS-887,Hospital-LAN,False,normal,False
E000578,2026-01-06 11:02:50,S012,P0182,view_summary,WS-384,Hospital-LAN,False,normal,False
E000579,2026-01-06 11:03:13,S033,P0006,view_clinical_notes,WS-159,Hospital-LAN,False,normal,False
E000580,2026-01-06 11:05:26,S022,P0097,view_summary,WS-324,Hospital-LAN,False,normal,False
E000581,2026-01-06 11:06:01,S008,P0054,view_billing,WS-649,Hospital-LAN,False,normal,False
E000582,2026-01-06 11:06:08,S015,P0058,view_summary,WS-376,Hospital-LAN,False,normal,False
E000583,2026-01-06 11:09:17,S017,P0166,view_clinical_notes,WS-924,Hospital-LAN,False,low_slow_in_ward,True
E000584,2026-01-06 11:19:27,S027,P0186,view_billing,WS-887,Hospital-LAN,False,normal,False
E000585,2026-01-06 11:23:20,S004,P0115,view_summary,WS-928,Hospital-LAN,False,normal,False
E000586,2026-01-06 11:27:05,S012,P0081,view_summary,WS-384,Hospital-LAN,False,legit_shift_cover,False
E000587,2026-01-06 11:28:23,S039,P0126,view_summary,WS-353,Hospital-LAN,False,normal,False
E000588,2026-01-06 11:30:04,S006,P0013,view_summary,WS-204,Hospital-LAN,False,normal,False
E000589,2026-01-06 11:30:40,S017,P0146,view_summary,WS-924,Hospital-LAN,False,normal,False
E000590,2026-01-06 11:33:32,S035,P0044,view_billing,WS-231,Hospital-LAN,False,normal,False
E000591,2026-01-06 11:34:27,S025,P0198,view_clinical_notes,WS-494,Hospital-LAN,False,normal,False
E000592,2026-01-06 11:39:32,S025,P0183,view_clinical_notes,WS-494,Hospital-LAN,False,normal,False
E000593,2026-01-06 11:41:00,S012,P0043,view_summary,WS-384,Hospital-LAN,False,normal,False
E000594,2026-01-06 11:41:08,S015,P0199,view_summary,WS-376,Hospital-LAN,False,normal,False
E000595,2026-01-06 11:41:17,S031,P0037,view_clinical_notes,WS-880,Hospital-LAN,False,normal,False
E000596,2026-01-06 11:42:17,S038,P0037,view_summary,WS-548,Hospital-LAN,False,normal,False
E000597,2026-01-06 11:45:28,S031,P0194,view_summary,WS-880,Hospital-LAN,False,normal,False
E000598,2026-01-06 11:46:37,S011,P0139,view_clinical_notes,WS-891,Hospital-LAN,False,normal,False
E000599,2026-01-06 11:48:27,S028,P0071,view_clinical_notes,WS-564,Hospital-LAN,False,normal,False
E000600,2026-01-06 11:50:09,S025,P0110,view_summary,WS-494,Hospital-LAN,False,normal,False
E000601,2026-01-06 11:54:01,S032,P0110,view_clinical_notes,WS-600,Hospital-LAN,False,normal,False
E000602,2026-01-06 11:54:42,S012,P0189,view_clinical_notes,WS-384,Hospital-LAN,False,normal,False
E000603,2026-01-06 11:56:19,S024,P0022,view_billing,WS-256,Hospital-LAN,False,normal,False
E000604,2026-01-06 12:03:41,S001,P0127,view_billing,WS-704,Hospital-LAN,False,normal,False
E000605,2026-01-06 12:05:25,S025,P0169,view_summary,WS-494,Hospital-LAN,False,normal,False
E000606,2026-01-06 12:05:48,S001,P0043,view_billing,WS-704,Hospital-LAN,False,normal,False
E000607,2026-01-06 12:09:12,S004,P0098,view_summary,WS-928,Hospital-LAN,False,normal,False
E000608,2026-01-06 12:10:12,S033,P0095,view_clinical_notes,WS-159,Hospital-LAN,False,normal,False
E000609,2026-01-06 12:10:37,S020,P0015,view_summary,WS-246,Hospital-LAN,False,normal,False
E000610,2026-01-06 12:14:15,S013,P0146,view_clinical_notes,WS-463,Hospital-LAN,False,normal,False
E000611,2026-01-06 12:15:42,S025,P0098,view_clinical_notes,WS-494,Hospital-LAN,False,normal,False
E000612,2026-01-06 12:16:40,S033,P0036,view_summary,WS-159,Hospital-LAN,False,normal,False
E000613,2026-01-06 12:17:31,S038,P0115,view_summary,WS-548,Hospital-LAN,False,normal,False
E000614,2026-01-06 12:20:24,S038,P0084,view_summary,WS-548,Hospital-LAN,False,normal,False
E000615,2026-01-06 12:25:45,S002,P0146,view_clinical_notes,WS-617,Hospital-LAN,False,normal,False
E000616,2026-01-06 12:27:48,S019,P0071,view_billing,WS-505,Hospital-LAN,False,normal,False
E000617,2026-01-06 12:29:09,S032,P0188,view_clinical_notes,WS-600,Hospital-LAN,False,normal,False
E000618,2026-01-06 12:36:14,S000,P0166,view_clinical_notes,WS-242,Hospital-LAN,False,normal,False
E000619,2026-01-06 12:37:05,S023,P0132,view_summary,WS-193,Hospital-LAN,False,normal,False
E000620,2026-01-06 12:38:16,S025,P0188,view_clinical_notes,WS-494,Hospital-LAN,False,normal,False
E000621,2026-01-06 12:39:12,S010,P0050,view_billing,WS-691,Hospital-LAN,False,normal,False
E000622,2026-01-06 12:42:04,S011,P0064,view_summary,WS-891,Hospital-LAN,False,normal,False
E000623,2026-01-06 12:45:54,S016,P0083,view_summary,WS-801,Hospital-LAN,False,normal,False
E000624,2026-01-06 12:47:21,S039,P0039,view_summary,WS-353,Hospital-LAN,False,normal,False
E000625,2026-01-06 12:49:24,S001,P0132,view_billing,WS-704,Hospital-LAN,False,normal,False
E000626,2026-01-06 12:50:25,S008,P0124,view_billing,WS-649,Hospital-LAN,False,normal,False
E000627,2026-01-06 12:51:50,S001,P0124,view_billing,WS-704,Hospital-LAN,False,normal,False
E000628,2026-01-06 12:52:42,S008,P0165,view_billing,WS-649,Hospital-LAN,False,normal,False
E000629,2026-01-06 12:54:39,S037,P0120,view_clinical_notes,WS-508,Hospital-LAN,False,normal,False
E000630,2026-01-06 12:54:45,S029,P0147,view_clinical_notes,WS-619,Hospital-LAN,False,normal,False
E000631,2026-01-06 12:55:45,S033,P0107,view_clinical_notes,WS-159,Hospital-LAN,False,normal,False
E000632,2026-01-06 12:57:33,S024,P0161,view_billing,WS-256,Hospital-LAN,False,normal,False
E000633,2026-01-06 13:01:30,S005,P0027,view_summary,WS-814,Hospital-LAN,False,normal,False
E000634,2026-01-06 13:04:09,S016,P0073,view_summary,WS-801,Hospital-LAN,False,normal,False
E000635,2026-01-06 13:04:35,S015,P0199,view_summary,WS-376,Hospital-LAN,False,normal,False
E000636,2026-01-06 13:06:36,S000,P0111,view_summary,WS-242,Hospital-LAN,False,normal,False
E000637,2026-01-06 13:08:36,S000,P0156,view_summary,WS-242,Hospital-LAN,False,legit_shift_cover,False
E000638,2026-01-06 13:08:42,S011,P0185,view_summary,WS-891,Hospital-LAN,False,normal,False
E000639,2026-01-06 13:08:45,S028,P0167,view_summary,WS-564,Hospital-LAN,False,normal,False
E000640,2026-01-06 13:10:03,S020,P0071,view_summary,WS-246,Hospital-LAN,False,normal,False
E000641,2026-01-06 13:12:12,S026,P0155,view_summary,WS-796,Hospital-LAN,False,normal,False
E000642,2026-01-06 13:19:21,S005,P0119,view_summary,WS-814,Hospital-LAN,False,normal,False
E000643,2026-01-06 13:23:11,S019,P0170,view_billing,WS-505,Hospital-LAN,False,normal,False
E000644,2026-01-06 13:24:40,S016,P0140,view_summary,WS-801,Hospital-LAN,False,normal,False
E000645,2026-01-06 13:27:10,S011,P0004,view_clinical_notes,WS-891,Hospital-LAN,False,normal,False
E000646,2026-01-06 13:29:56,S020,P0182,view_summary,WS-246,Hospital-LAN,False,normal,False
E000647,2026-01-06 13:30:34,S013,P0057,view_summary,WS-463,Hospital-LAN,False,normal,False
E000648,2026-01-06 13:31:28,S011,P0106,view_clinical_notes,WS-891,Hospital-LAN,False,normal,False
E000649,2026-01-06 13:43:36,S001,P0115,view_billing,WS-704,Hospital-LAN,False,normal,False
E000650,2026-01-06 13:44:36,S039,P0157,view_summary,WS-353,Hospital-LAN,False,normal,False
E000651,2026-01-06 13:47:51,S031,P0083,view_clinical_notes,WS-880,Hospital-LAN,False,normal,False
E000652,2026-01-06 13:48:59,S025,P0042,view_summary,WS-494,Hospital-LAN,False,legit_shift_cover,False
E000653,2026-01-06 13:50:27,S005,P0028,view_summary,WS-814,Hospital-LAN,False,normal,False
E000654,2026-01-06 13:53:40,S025,P0076,view_clinical_notes,WS-494,Hospital-LAN,False,normal,False
E000655,2026-01-06 13:54:05,S030,P0167,view_summary,WS-961,Hospital-LAN,False,normal,False
E000656,2026-01-06 13:54:35,S000,P0083,view_summary,WS-242,Hospital-LAN,False,normal,False
E000657,2026-01-06 13:54:54,S032,P0192,view_summary,WS-600,Hospital-LAN,False,normal,False
E000658,2026-01-06 13:56:26,S015,P0138,view_clinical_notes,WS-376,Hospital-LAN,False,normal,False
E000659,2026-01-06 14:05:46,S006,P0166,view_summary,WS-204,Hospital-LAN,False,normal,False
E000660,2026-01-06 14:09:10,S001,P0048,view_billing,WS-704,Hospital-LAN,False,normal,False
E000661,2026-01-06 14:13:29,S010,P0050,view_billing,WS-691,Hospital-LAN,False,normal,False
E000662,2026-01-06 14:21:10,S026,P0029,view_clinical_notes,WS-796,Hospital-LAN,False,normal,False
E000663,2026-01-06 14:29:19,S028,P0150,view_clinical_notes,WS-564,Hospital-LAN,False,normal,False
E000664,2026-01-06 14:31:19,S028,P0038,view_clinical_notes,WS-564,Hospital-LAN,False,normal,False
E000665,2026-01-06 14:32:58,S002,P0176,view_summary,WS-617,Hospital-LAN,False,normal,False
E000666,2026-01-06 14:33:17,S038,P0151,view_summary,WS-548,Hospital-LAN,False,normal,False
E000667,2026-01-06 14:35:38,S028,P0167,view_summary,WS-564,Hospital-LAN,False,normal,False
E000668,2026-01-06 14:36:35,S008,P0129,view_billing,WS-649,Hospital-LAN,False,normal,False
E000669,2026-01-06 14:36:53,S004,P0084,view_clinical_notes,WS-928,Hospital-LAN,False,normal,False
E000670,2026-01-06 14:38:51,S027,P0065,view_billing,WS-887,Hospital-LAN,False,normal,False
E000671,2026-01-06 14:40:58,S020,P0094,view_summary,WS-246,Hospital-LAN,False,normal,False
E000672,2026-01-06 14:56:24,S022,P0150,view_summary,WS-324,Hospital-LAN,False,normal,False
E000673,2026-01-06 14:56:43,S024,P0184,view_billing,WS-256,Hospital-LAN,False,normal,False
E000674,2026-01-06 14:56:45,S023,P0078,view_summary,WS-193,Hospital-LAN,False,normal,False
E000675,2026-01-06 14:57:44,S019,P0088,view_billing,WS-505,Hospital-LAN,False,normal,False
E000676,2026-01-06 14:58:05,S005,P0030,view_summary,WS-814,Hospital-LAN,False,normal,False
E000677,2026-01-06 14:58:49,S015,P0052,view_summary,WS-376,Hospital-LAN,False,normal,False
E000678,2026-01-06 14:59:26,S028,P0126,view_clinical_notes,WS-564,Hospital-LAN,False,normal,False
E000679,2026-01-06 14:59:34,S017,P0118,view_clinical_notes,WS-924,Hospital-LAN,False,normal,False
E000680,2026-01-06 15:00:33,S010,P0193,view_billing,WS-691,Hospital-LAN,False,normal,False
E000681,2026-01-06 15:07:02,S035,P0005,view_billing,WS-231,Hospital-LAN,False,normal,False
E000682,2026-01-06 15:09:40,S016,P0121,view_summary,WS-801,Hospital-LAN,False,normal,False
E000683,2026-01-06 15:10:46,S004,P0183,view_clinical_notes,WS-928,Hospital-LAN,False,normal,False
E000684,2026-01-06 15:14:36,S039,P0007,view_summary,WS-353,Hospital-LAN,False,normal,False
E000685,2026-01-06 15:19:23,S013,P0094,view_clinical_notes,WS-463,Hospital-LAN,False,normal,False
E000686,2026-01-06 15:23:25,S005,P0122,view_summary,WS-814,Hospital-LAN,False,normal,False
E000687,2026-01-06 15:29:42,S010,P0154,view_billing,WS-691,Hospital-LAN,False,normal,False
E000688,2026-01-06 15:29:55,S013,P0117,view_clinical_notes,WS-463,Hospital-LAN,False,normal,False
E000689,2026-01-06 15:30:34,S033,P0159,view_summary,WS-159,Hospital-LAN,False,normal,False
E000690,2026-01-06 15:31:47,S035,P0092,view_billing,WS-231,Hospital-LAN,False,normal,False
E000691,2026-01-06 15:32:18,S030,P0072,view_summary,WS-961,Hospital-LAN,False,normal,False
E000692,2026-01-06 15:33:05,S017,P0111,view_summary,WS-924,Hospital-LAN,False,normal,False
E000693,2026-01-06 15:37:00,S035,P0129,view_billing,WS-231,Hospital-LAN,False,normal,False
E000694,2026-01-06 15:40:08,S013,P0013,view_summary,WS-463,Hospital-LAN,False,normal,False
E000695,2026-01-06 15:43:29,S029,P0032,view_clinical_notes,WS-619,Hospital-LAN,False,normal,False
E000696,2026-01-06 15:43:33,S002,P0083,view_summary,WS-617,Hospital-LAN,False,normal,False
E000697,2026-01-06 15:46:25,S029,P0092,view_summary,WS-619,Hospital-LAN,False,normal,False
E000698,2026-01-06 15:46:41,S004,P0174,view_clinical_notes,WS-928,Hospital-LAN,False,normal,False
E000699,2026-01-06 15:46:44,S005,P0118,view_summary,WS-814,Hospital-LAN,False,normal,False
E000700,2026-01-06 15:47:59,S015,P0073,view_summary,WS-376,Hospital-LAN,False,normal,False
E000701,2026-01-06 15:49:08,S019,P0185,view_billing,WS-505,Hospital-LAN,False,normal,False
E000702,2026-01-06 15:50:52,S016,P0108,view_summary,WS-801,Hospital-LAN,False,normal,False
E000703,2026-01-06 15:51:02,S016,P0170,view_summary,WS-801,Hospital-LAN,False,normal,False
E000704,2026-01-06 15:55:47,S022,P0035,view_summary,WS-324,Hospital-LAN,False,normal,False
E000705,2026-01-06 15:57:32,S001,P0038,view_billing,WS-704,Hospital-LAN,False,normal,False
E000706,2026-01-06 15:58:44,S020,P0170,view_summary,WS-246,Hospital-LAN,False,normal,False
E000707,2026-01-06 15:59:38,S012,P0161,view_summary,WS-384,Hospital-LAN,False,normal,False
E000708,2026-01-06 16:04:58,S023,P0012,view_summary,WS-193,Hospital-LAN,False,normal,False
E000709,2026-01-06 16:09:35,S028,P0058,view_clinical_notes,WS-564,Hospital-LAN,False,normal,False
E000710,2026-01-06 16:13:42,S033,P0078,view_summary,WS-159,Hospital-LAN,False,normal,False
E000711,2026-01-06 16:15:24,S039,P0005,view_summary,WS-353,Hospital-LAN,False,normal,False
E000712,2026-01-06 16:19:36,S016,P0190,view_summary,WS-801,Hospital-LAN,False,normal,False
E000713,2026-01-06 16:20:49,S016,P0002,view_summary,WS-801,Hospital-LAN,False,normal,False
E000714,2026-01-06 16:21:24,S024,P0190,view_billing,WS-256,Hospital-LAN,False,normal,False
E000715,2026-01-06 16:22:57,S031,P0083,view_clinical_notes,WS-880,Hospital-LAN,False,normal,False
E000716,2026-01-06 16:26:49,S002,P0094,view_summary,WS-617,Hospital-LAN,False,normal,False
E000717,2026-01-06 16:27:18,S023,P0149,view_summary,WS-193,Hospital-LAN,False,normal,False
E000718,2026-01-06 16:27:26,S023,P0025,view_summary,WS-193,Hospital-LAN,False,normal,False
E000719,2026-01-06 16:28:08,S013,P0196,view_summary,WS-463,Hospital-LAN,False,normal,False
E000720,2026-01-06 16:29:41,S011,P0163,view_summary,WS-891,Hospital-LAN,False,normal,False
E000721,2026-01-06 16:30:22,S005,P0125,view_summary,WS-814,Hospital-LAN,False,normal,False
E000722,2026-01-06 16:31:34,S032,P0142,view_clinical_notes,WS-600,Hospital-LAN,False,normal,False
E000723,2026-01-06 16:33:23,S010,P0184,view_billing,WS-691,Hospital-LAN,False,normal,False
E000724,2026-01-06 16:34:01,S016,P0055,view_summary,WS-801,Hospital-LAN,False,normal,False
E000725,2026-01-06 16:34:18,S024,P0056,view_billing,WS-256,Hospital-LAN,False,normal,False
E000726,2026-01-06 16:34:52,S032,P0084,view_clinical_notes,WS-600,Hospital-LAN,False,normal,False
E000727,2026-01-06 16:35:19,S024,P0137,view_billing,WS-256,Hospital-LAN,False,normal,False
E000728,2026-01-06 16:39:50,S024,P0163,view_billing,WS-256,Hospital-LAN,False,normal,False
E000729,2026-01-06 16:40:37,S002,P0021,view_summary,WS-617,Hospital-LAN,False,normal,False
E000730,2026-01-06 16:40:40,S013,P0117,view_clinical_notes,WS-463,Hospital-LAN,False,normal,False
E000731,2026-01-06 16:41:43,S004,P0098,view_clinical_notes,WS-928,Hospital-LAN,False,normal,False
E000732,2026-01-06 16:43:28,S006,P0000,view_summary,WS-204,Hospital-LAN,False,normal,False
E000733,2026-01-06 16:45:31,S028,P0101,view_summary,WS-564,Hospital-LAN,False,normal,False
E000734,2026-01-06 16:45:43,S027,P0121,view_billing,WS-887,Hospital-LAN,False,normal,False
E000735,2026-01-06 16:45:49,S019,P0054,view_billing,WS-505,Hospital-LAN,False,normal,False
E000736,2026-01-06 16:45:49,S022,P0171,view_summary,WS-324,Hospital-LAN,False,normal,False
E000737,2026-01-06 16:45:56,S030,P0060,view_summary,WS-961,Hospital-LAN,False,normal,False
E000738,2026-01-06 16:46:46,S028,P0101,view_clinical_notes,WS-564,Hospital-LAN,False,normal,False
E000739,2026-01-06 16:52:39,S015,P0147,view_summary,WS-376,Hospital-LAN,False,legit_shift_cover,False
E000740,2026-01-06 16:58:43,S019,P0096,view_billing,WS-505,Hospital-LAN,False,normal,False
E000741,2026-01-06 16:59:06,S001,P0187,view_billing,WS-704,Hospital-LAN,False,normal,False
E000742,2026-01-06 17:02:46,S012,P0149,view_clinical_notes,WS-384,Hospital-LAN,False,normal,False
E000743,2026-01-06 17:02:47,S027,P0024,view_billing,WS-887,Hospital-LAN,False,normal,False
E000744,2026-01-06 17:03:05,S030,P0195,view_summary,WS-961,Hospital-LAN,False,normal,False
E000745,2026-01-06 17:05:07,S022,P0042,view_summary,WS-324,Hospital-LAN,False,normal,False
E000746,2026-01-06 17:08:16,S030,P0003,view_summary,WS-961,Hospital-LAN,False,normal,False
E000747,2026-01-06 17:10:43,S012,P0010,view_clinical_notes,WS-384,Hospital-LAN,False,normal,False
E000748,2026-01-06 17:11:49,S000,P0070,view_summary,WS-242,Hospital-LAN,False,legit_shift_cover,False
E000749,2026-01-06 17:13:15,S026,P0136,view_clinical_notes,WS-796,Hospital-LAN,False,normal,False
E000750,2026-01-06 17:13:48,S037,P0007,view_clinical_notes,WS-508,Hospital-LAN,False,normal,False
E000751,2026-01-06 17:15:05,S039,P0037,view_summary,WS-353,Hospital-LAN,False,normal,False
E000752,2026-01-06 17:20:19,S029,P0140,view_summary,WS-619,Hospital-LAN,False,normal,False
E000753,2026-01-06 17:21:28,S015,P0199,view_summary,WS-376,Hospital-LAN,False,normal,False
E000754,2026-01-06 17:24:19,S037,P0031,view_summary,WS-508,Hospital-LAN,False,normal,False
E000755,2026-01-06 17:27:55,S020,P0068,view_summary,WS-246,Hospital-LAN,False,normal,False
E000756,2026-01-06 17:33:57,S038,P0138,view_summary,WS-548,Hospital-LAN,False,normal,False
E000757,2026-01-06 17:36:21,S026,P0151,view_clinical_notes,WS-796,Hospital-LAN,False,normal,False
E000758,2026-01-06 17:37:10,S000,P0120,view_summary,WS-242,Hospital-LAN,False,vip_snooping,True
E000759,2026-01-06 17:38:24,S016,P0049,view_summary,WS-801,Hospital-LAN,False,normal,False
E000760,2026-01-06 17:38:29,S013,P0130,view_clinical_notes,WS-463,Hospital-LAN,False,normal,False
E000761,2026-01-06 17:39:17,S015,P0066,view_summary,WS-376,Hospital-LAN,False,normal,False
E000762,2026-01-06 17:41:10,S006,P0096,view_clinical_notes,WS-204,Hospital-LAN,False,normal,False
E000763,2026-01-06 17:41:33,S012,P0104,view_summary,WS-384,Hospital-LAN,False,normal,False
E000764,2026-01-06 17:43:26,S022,P0084,view_summary,WS-324,Hospital-LAN,False,normal,False
E000765,2026-01-06 17:46:29,S023,P0198,view_summary,WS-193,Hospital-LAN,False,normal,False
E000766,2026-01-06 17:47:37,S019,P0007,view_billing,WS-505,Hospital-LAN,False,normal,False
E000767,2026-01-06 17:48:57,S037,P0106,view_clinical_notes,WS-508,Hospital-LAN,False,normal,False
E000768,2026-01-06 17:53:30,S039,P0137,view_summary,WS-353,Hospital-LAN,False,normal,False
E000769,2026-01-06 17:55:14,S004,P0174,view_summary,WS-928,Hospital-LAN,False,normal,False
E000770,2026-01-06 17:56:31,S027,P0121,view_billing,WS-887,Hospital-LAN,False,normal,False
E000771,2026-01-06 18:05:39,S019,P0088,view_billing,WS-505,Hospital-LAN,False,normal,False
E000772,2026-01-06 18:05:45,S006,P0009,view_summary,WS-204,Hospital-LAN,False,normal,False
E000773,2026-01-06 18:07:26,S000,P0083,view_clinical_notes,WS-242,Hospital-LAN,False,normal,False
E000774,2026-01-06 18:08:09,S030,P0099,view_summary,WS-961,Hospital-LAN,False,normal,False
E000775,2026-01-06 18:10:00,S025,P0017,view_clinical_notes,WS-494,Hospital-LAN,False,normal,False
E000776,2026-01-06 18:10:01,S024,P0008,view_billing,WS-256,Hospital-LAN,False,normal,False
E000777,2026-01-06 18:14:44,S026,P0084,view_clinical_notes,WS-796,Hospital-LAN,False,normal,False
E000778,2026-01-06 18:16:05,S008,P0169,view_billing,WS-649,Hospital-LAN,False,normal,False
E000779,2026-01-06 18:18:05,S008,P0125,view_billing,WS-649,Hospital-LAN,False,normal,False
E000780,2026-01-06 18:19:21,S039,P0037,view_summary,WS-353,Hospital-LAN,False,normal,False
E000781,2026-01-06 18:21:21,S016,P0104,view_summary,WS-801,Hospital-LAN,False,normal,False
E000782,2026-01-06 18:21:40,S025,P0087,view_clinical_notes,WS-494,Hospital-LAN,False,normal,False
E000783,2026-01-06 18:24:16,S034,P0120,view_summary,WS-597,Hospital-LAN,False,vip_snooping,True
E000784,2026-01-06 18:24:59,S028,P0141,view_summary,WS-564,Hospital-LAN,False,normal,False
E000785,2026-01-06 18:27:34,S037,P0026,view_clinical_notes,WS-508,Hospital-LAN,False,normal,False
E000786,2026-01-06 18:30:27,S035,P0088,view_billing,WS-231,Hospital-LAN,False,normal,False
E000787,2026-01-06 18:39:02,S005,P0148,view_summary,WS-814,Hospital-LAN,False,normal,False
E000788,2026-01-06 18:40:34,S017,P0166,view_clinical_notes,WS-924,Hospital-LAN,False,normal,False
E000789,2026-01-06 18:43:09,S006,P0005,view_summary,WS-204,Hospital-LAN,False,normal,False
E000790,2026-01-06 18:45:07,S031,P0194,view_clinical_notes,WS-880,Hospital-LAN,False,normal,False
E000791,2026-01-06 18:46:15,S001,P0116,view_billing,WS-704,Hospital-LAN,False,normal,False
E000792,2026-01-06 18:46:36,S023,P0066,view_summary,WS-193,Hospital-LAN,False,normal,False
E000793,2026-01-06 18:48:54,S035,P0003,view_billing,WS-231,Hospital-LAN,False,normal,False
E000794,2026-01-06 18:53:13,S029,P0136,view_clinical_notes,WS-619,Hospital-LAN,False,normal,False
E000795,2026-01-06 18:54:05,S030,P0081,view_summary,WS-961,Hospital-LAN,False,normal,False
E000796,2026-01-06 18:54:32,S011,P0049,view_summary,WS-891,Hospital-LAN,False,normal,False
E000797,2026-01-06 18:56:58,S027,P0119,view_billing,WS-887,Hospital-LAN,False,normal,False
E000798,2026-01-06 18:58:15,S032,P0113,view_clinical_notes,WS-600,Hospital-LAN,False,normal,False
E000799,2026-01-06 19:03:18,S000,P0129,view_clinical_notes,WS-242,Hospital-LAN,False,normal,False
E000800,2026-01-06 19:05:15,S032,P0110,view_summary,WS-600,Hospital-LAN,False,normal,False
E000801,2026-01-06 19:08:30,S006,P0005,view_summary,WS-204,Hospital-LAN,False,normal,False
E000802,2026-01-06 19:13:40,S006,P0146,view_summary,WS-204,Hospital-LAN,False,normal,False
E000803,2026-01-06 19:15:45,S017,P0111,view_clinical_notes,WS-924,Hospital-LAN,False,normal,False
E000804,2026-01-06 19:21:52,S006,P0009,view_clinical_notes,WS-204,Hospital-LAN,False,normal,False
E000805,2026-01-06 19:22:56,S024,P0171,view_billing,WS-256,Hospital-LAN,False,normal,False
E000806,2026-01-06 19:24:03,S029,P0183,view_clinical_notes,WS-619,Hospital-LAN,False,normal,False
E000807,2026-01-06 19:24:13,S026,P0113,view_summary,WS-796,Hospital-LAN,False,normal,False
E000808,2026-01-06 19:25:23,S039,P0143,view_summary,WS-353,Hospital-LAN,False,normal,False
E000809,2026-01-06 19:25:28,S024,P0169,view_billing,WS-256,Hospital-LAN,False,normal,False
E000810,2026-01-06 19:27:22,S033,P0159,view_clinical_notes,WS-159,Hospital-LAN,False,normal,False
E000811,2026-01-06 19:28:02,S001,P0108,view_billing,WS-704,Hospital-LAN,False,normal,False
E000812,2026-01-06 19:28:07,S010,P0025,view_billing,WS-691,Hospital-LAN,False,normal,False
E000813,2026-01-06 19:29:11,S030,P0115,view_summary,WS-961,Hospital-LAN,False,normal,False
E000814,2026-01-06 19:30:48,S031,P0037,view_summary,WS-880,Hospital-LAN,False,normal,False
E000815,2026-01-06 19:37:09,S011,P0164,view_clinical_notes,WS-891,Hospital-LAN,False,normal,False
E000816,2026-01-06 19:40:00,S019,P0165,view_billing,WS-505,Hospital-LAN,False,normal,False
E000817,2026-01-06 19:44:29,S026,P0151,view_clinical_notes,WS-796,Hospital-LAN,False,normal,False
E000818,2026-01-06 19:47:03,S029,P0198,view_summary,WS-619,Hospital-LAN,False,normal,False
E000819,2026-01-06 19:47:20,S024,P0091,view_billing,WS-256,Hospital-LAN,False,normal,False
E000820,2026-01-06 19:47:46,S010,P0107,view_billing,WS-691,Hospital-LAN,False,normal,False
E000821,2026-01-06 19:49:15,S030,P0178,view_summary,WS-961,Hospital-LAN,False,normal,False
E000822,2026-01-06 19:50:28,S001,P0061,view_billing,WS-704,Hospital-LAN,False,normal,False
E000823,2026-01-06 19:52:07,S020,P0098,view_summary,WS-246,Hospital-LAN,False,normal,False
E000824,2026-01-06 19:53:39,S037,P0127,view_clinical_notes,WS-508,Hospital-LAN,False,normal,False
E000825,2026-01-06 19:53:45,S027,P0078,view_billing,WS-887,Hospital-LAN,False,normal,False
E000826,2026-01-06 19:59:47,S037,P0026,view_summary,WS-508,Hospital-LAN,False,normal,False
E000827,2026-01-06 20:00:19,S003,P0164,view_summary,WS-818,Hospital-LAN,False,normal,False
E000828,2026-01-06 20:01:37,S021,P0016,view_summary,WS-538,Hospital-LAN,False,normal,False
E000829,2026-01-06 20:02:11,S021,P0163,view_clinical_notes,WS-538,Hospital-LAN,False,normal,False
E000830,2026-01-06 20:52:39,S014,P0087,view_summary,WS-275,Hospital-LAN,False,normal,False
E000831,2026-01-06 21:00:03,S007,P0175,view_summary,WS-370,Hospital-LAN,False,normal,False
E000832,2026-01-06 21:10:50,S014,P0033,view_clinical_notes,WS-275,Hospital-LAN,False,normal,False
E000833,2026-01-06 21:10:51,S007,P0154,view_clinical_notes,WS-370,Hospital-LAN,False,normal,False
E000834,2026-01-06 21:29:06,S007,P0186,view_summary,WS-370,Hospital-LAN,False,normal,False
E000835,2026-01-06 21:37:50,S034,P0112,view_summary,WS-597,Hospital-LAN,False,normal,False
E000836,2026-01-06 21:40:44,S018,P0083,view_clinical_notes,WS-997,Hospital-LAN,False,normal,False
E000837,2026-01-06 21:45:15,S007,P0095,view_clinical_notes,WS-370,Hospital-LAN,False,normal,False
E000838,2026-01-06 21:49:40,S014,P0147,view_clinical_notes,WS-275,Hospital-LAN,False,normal,False
E000839,2026-01-06 21:53:19,S014,P0019,view_summary,WS-275,Hospital-LAN,False,normal,False
E000840,2026-01-06 21:56:40,S018,P0096,view_summary,WS-997,Hospital-LAN,False,normal,False
E000841,2026-01-06 22:01:25,S007,P0107,view_summary,WS-370,Hospital-LAN,False,normal,False
E000842,2026-01-06 22:02:12,S018,P0000,view_summary,WS-997,Hospital-LAN,False,normal,False
E000843,2026-01-06 22:12:43,S034,P0090,view_clinical_notes,WS-597,Hospital-LAN,False,normal,False
E000844,2026-01-06 22:12:52,S007,P0097,view_clinical_notes,WS-370,Hospital-LAN,False,normal,False
E000845,2026-01-06 22:22:32,S036,P0116,view_summary,WS-993,Hospital-LAN,False,normal,False
E000846,2026-01-06 22:31:27,S021,P0048,view_clinical_notes,WS-538,Hospital-LAN,False,normal,False
E000847,2026-01-06 22:35:02,S018,P0196,view_clinical_notes,WS-997,Hospital-LAN,False,normal,False
E000848,2026-01-06 23:21:26,S009,P0172,view_summary,WS-400,Hospital-LAN,False,normal,False
E000849,2026-01-06 23:23:42,S034,P0008,view_clinical_notes,WS-597,Hospital-LAN,False,low_slow_in_ward,True
E000850,2026-01-06 23:32:07,S009,P0149,view_clinical_notes,WS-400,Hospital-LAN,False,normal,False
E000851,2026-01-06 23:36:22,S034,P0145,view_summary,WS-597,Hospital-LAN,False,normal,False
E000852,2026-01-06 23:46:31,S034,P0161,view_clinical_notes,WS-597,Hospital-LAN,False,normal,False
E000853,2026-01-07 00:00:19,S014,P0084,view_summary,WS-275,Hospital-LAN,False,normal,False
E000854,2026-01-07 00:01:44,S021,P0135,view_summary,WS-538,Hospital-LAN,False,normal,False
E000855,2026-01-07 00:21:19,S003,P0165,view_summary,WS-818,Hospital-LAN,False,normal,False
E000856,2026-01-07 00:28:56,S007,P0030,view_summary,WS-370,Hospital-LAN,False,normal,False
E000857,2026-01-07 01:01:49,S014,P0188,view_clinical_notes,WS-275,Hospital-LAN,False,normal,False
E000858,2026-01-07 01:10:46,S003,P0133,view_clinical_notes,WS-818,Hospital-LAN,False,normal,False
E000859,2026-01-07 01:19:08,S009,P0024,view_clinical_notes,WS-400,Hospital-LAN,False,normal,False
E000860,2026-01-07 01:24:36,S021,P0120,view_clinical_notes,WS-538,Hospital-LAN,False,normal,False
E000861,2026-01-07 01:26:22,S021,P0026,view_summary,WS-538,Hospital-LAN,False,normal,False
E000862,2026-01-07 01:28:28,S014,P0113,view_summary,WS-275,Hospital-LAN,False,normal,False
E000863,2026-01-07 01:32:52,S021,P0001,view_summary,WS-538,Hospital-LAN,False,legit_shift_cover,False
E000864,2026-01-07 01:44:00,S034,P0123,view_summary,WS-597,Hospital-LAN,False,normal,False
E000865,2026-01-07 01:48:53,S009,P0189,view_summary,WS-400,Hospital-LAN,False,normal,False
E000866,2026-01-07 02:01:07,S034,P0044,view_clinical_notes,WS-597,Hospital-LAN,False,normal,False
E000867,2026-01-07 02:07:13,S018,P0166,view_clinical_notes,WS-997,Hospital-LAN,False,normal,False
E000868,2026-01-07 02:08:40,S036,P0131,view_summary,WS-993,Hospital-LAN,False,normal,False
E000869,2026-01-07 02:18:38,S034,P0189,view_clinical_notes,WS-597,Hospital-LAN,False,normal,False
E000870,2026-01-07 02:21:43,S021,P0099,view_summary,WS-538,Hospital-LAN,False,legit_shift_cover,False
E000871,2026-01-07 02:27:30,S009,P0149,view_summary,WS-400,Hospital-LAN,False,normal,False
E000872,2026-01-07 02:48:40,S014,P0115,view_clinical_notes,WS-275,Hospital-LAN,False,normal,False
E000873,2026-01-07 02:49:35,S014,P0198,view_clinical_notes,WS-275,Hospital-LAN,False,normal,False
E000874,2026-01-07 02:50:11,S034,P0144,view_summary,WS-597,Hospital-LAN,False,normal,False
E000875,2026-01-07 02:59:04,S036,P0014,view_clinical_notes,WS-993,Hospital-LAN,False,normal,False
E000876,2026-01-07 03:01:24,S007,P0154,view_clinical_notes,WS-370,Hospital-LAN,False,normal,False
E000877,2026-01-07 03:36:50,S034,P0114,view_summary,WS-597,Hospital-LAN,False,normal,False
E000878,2026-01-07 03:42:55,S021,P0127,view_clinical_notes,WS-538,Hospital-LAN,False,normal,False
E000879,2026-01-07 03:48:23,S036,P0134,view_summary,WS-993,Hospital-LAN,False,normal,False
E000880,2026-01-07 04:04:24,S034,P0104,view_summary,WS-597,Hospital-LAN,False,normal,False
E000881,2026-01-07 04:13:06,S034,P0191,view_clinical_notes,WS-597,Hospital-LAN,False,normal,False
E000882,2026-01-07 04:20:05,S003,P0122,view_summary,WS-818,Hospital-LAN,False,normal,False
E000883,2026-01-07 04:29:17,S003,P0055,view_summary,WS-818,Hospital-LAN,False,normal,False
E000884,2026-01-07 04:32:35,S014,P0147,view_summary,WS-275,Hospital-LAN,False,normal,False
E000885,2026-01-07 04:37:19,S009,P0043,view_summary,WS-400,Hospital-LAN,False,normal,False
E000886,2026-01-07 04:49:42,S036,P0116,view_clinical_notes,WS-993,Hospital-LAN,False,normal,False
E000887,2026-01-07 05:02:15,S018,P0137,view_summary,WS-997,Hospital-LAN,False,normal,False
E000888,2026-01-07 05:06:51,S021,P0139,view_summary,WS-538,Hospital-LAN,False,normal,False
E000889,2026-01-07 05:14:59,S018,P0005,view_summary,WS-997,Hospital-LAN,False,normal,False
E000890,2026-01-07 05:15:36,S014,P0142,view_summary,WS-275,Hospital-LAN,False,normal,False
E000891,2026-01-07 05:27:52,S007,P0173,view_clinical_notes,WS-370,Hospital-LAN,False,normal,False
E000892,2026-01-07 05:37:16,S007,P0015,view_summary,WS-370,Hospital-LAN,False,normal,False
E000893,2026-01-07 05:39:53,S036,P0097,view_summary,WS-993,Hospital-LAN,False,normal,False
E000894,2026-01-07 05:43:48,S003,P0055,view_summary,WS-818,Hospital-LAN,False,normal,False
E000895,2026-01-07 05:54:40,S003,P0122,view_clinical_notes,WS-818,Hospital-LAN,False,normal,False
E000896,2026-01-07 05:56:51,S034,P0018,view_clinical_notes,WS-597,Hospital-LAN,False,normal,False
E000897,2026-01-07 06:13:21,S021,P0139,view_clinical_notes,WS-538,Hospital-LAN,False,normal,False
E000898,2026-01-07 06:30:20,S036,P0175,view_summary,WS-993,Hospital-LAN,False,normal,False
E000899,2026-01-07 06:48:27,S034,P0114,view_clinical_notes,WS-597,Hospital-LAN,False,normal,False
E000900,2026-01-07 06:51:43,S009,P0133,view_clinical_notes,WS-400,Hospital-LAN,False,legit_referral,False
E000901,2026-01-07 06:55:55,S018,P0117,view_summary,WS-997,Hospital-LAN,False,normal,False
E000902,2026-01-07 08:01:12,S026,P0076,view_clinical_notes,WS-796,Hospital-LAN,False,normal,False
E000903,2026-01-07 08:01:33,S004,P0174,view_clinical_notes,WS-928,Hospital-LAN,False,normal,False
E000904,2026-01-07 08:04:23,S019,P0091,view_billing,WS-505,Hospital-LAN,False,normal,False
E000905,2026-01-07 08:08:33,S020,P0074,view_summary,WS-246,Hospital-LAN,False,normal,False
E000906,2026-01-07 08:09:10,S000,P0162,view_summary,WS-242,Hospital-LAN,False,normal,False
E000907,2026-01-07 08:09:23,S032,P0032,view_summary,WS-600,Hospital-LAN,False,normal,False
E000908,2026-01-07 08:09:57,S033,P0107,view_summary,WS-159,Hospital-LAN,False,normal,False
E000909,2026-01-07 08:11:17,S000,P0137,view_clinical_notes,WS-242,Hospital-LAN,False,normal,False
E000910,2026-01-07 08:13:30,S023,P0171,view_summary,WS-193,Hospital-LAN,False,normal,False
E000911,2026-01-07 08:13:47,S033,P0067,view_clinical_notes,WS-159,Hospital-LAN,False,normal,False
E000912,2026-01-07 08:17:51,S037,P0065,view_summary,WS-508,Hospital-LAN,False,normal,False
E000913,2026-01-07 08:20:59,S001,P0026,view_billing,WS-704,Hospital-LAN,False,normal,False
E000914,2026-01-07 08:24:45,S006,P0085,view_summary,WS-204,Hospital-LAN,True,legit_break_glass,False
E000915,2026-01-07 08:25:07,S023,P0004,view_summary,WS-193,Hospital-LAN,False,normal,False
E000916,2026-01-07 08:26:08,S004,P0188,view_summary,WS-928,Hospital-LAN,False,normal,False
E000917,2026-01-07 08:26:13,S017,P0004,view_clinical_notes,WS-924,Hospital-LAN,False,family_snooping,True
E000918,2026-01-07 08:27:31,S030,P0100,view_summary,WS-961,Hospital-LAN,False,normal,False
E000919,2026-01-07 08:29:02,S037,P0109,view_clinical_notes,WS-508,Hospital-LAN,False,normal,False
E000920,2026-01-07 08:31:53,S038,P0007,view_summary,WS-548,Hospital-LAN,False,normal,False
E000921,2026-01-07 08:35:16,S011,P0157,view_clinical_notes,WS-891,Hospital-LAN,False,normal,False
E000922,2026-01-07 08:37:05,S037,P0065,view_clinical_notes,WS-508,Hospital-LAN,False,normal,False
E000923,2026-01-07 08:38:57,S038,P0011,view_summary,WS-548,Hospital-LAN,False,normal,False
E000924,2026-01-07 08:39:57,S002,P0046,view_summary,WS-617,Hospital-LAN,True,legit_break_glass,False
E000925,2026-01-07 08:44:06,S032,P0160,view_summary,WS-600,Hospital-LAN,False,normal,False
E000926,2026-01-07 08:45:33,S022,P0114,view_summary,WS-324,Hospital-LAN,False,normal,False
E000927,2026-01-07 08:53:54,S004,P0019,view_summary,WS-928,Hospital-LAN,False,normal,False
E000928,2026-01-07 08:54:21,S005,P0170,view_summary,WS-814,Hospital-LAN,False,normal,False
E000929,2026-01-07 08:57:00,S025,P0160,view_summary,WS-494,Hospital-LAN,False,normal,False
E000930,2026-01-07 08:57:21,S017,P0117,view_summary,WS-924,Hospital-LAN,False,normal,False
E000931,2026-01-07 08:59:56,S029,P0116,view_clinical_notes,WS-619,Hospital-LAN,False,legit_referral,False
E000932,2026-01-07 09:01:53,S026,P0160,view_summary,WS-796,Hospital-LAN,False,normal,False
E000933,2026-01-07 09:02:41,S002,P0162,view_clinical_notes,WS-617,Hospital-LAN,False,normal,False
E000934,2026-01-07 09:11:59,S015,P0143,view_clinical_notes,WS-376,Hospital-LAN,False,normal,False
E000935,2026-01-07 09:13:47,S025,P0080,view_summary,WS-494,Hospital-LAN,False,vip_snooping,True
E000936,2026-01-07 09:17:43,S035,P0136,view_billing,WS-231,Hospital-LAN,False,normal,False
E000937,2026-01-07 09:19:36,S037,P0091,view_clinical_notes,WS-508,Hospital-LAN,False,normal,False
E000938,2026-01-07 09:20:33,S024,P0153,view_billing,WS-256,Hospital-LAN,False,normal,False
E000939,2026-01-07 09:23:10,S022,P0149,view_summary,WS-324,Hospital-LAN,False,normal,False
E000940,2026-01-07 09:24:42,S010,P0157,view_billing,WS-691,Hospital-LAN,False,normal,False
E000941,2026-01-07 09:25:57,S008,P0187,view_billing,WS-649,Hospital-LAN,False,normal,False
E000942,2026-01-07 09:25:57,S019,P0047,view_billing,WS-505,Hospital-LAN,False,normal,False
E000943,2026-01-07 09:27:44,S039,P0020,view_summary,WS-353,Hospital-LAN,False,normal,False
E000944,2026-01-07 09:28:32,S016,P0007,view_summary,WS-801,Hospital-LAN,False,normal,False
E000945,2026-01-07 09:29:23,S025,P0198,view_summary,WS-494,Hospital-LAN,False,normal,False
E000946,2026-01-07 09:34:37,S020,P0093,view_summary,WS-246,Hospital-LAN,False,normal,False
E000947,2026-01-07 09:35:18,S012,P0191,view_clinical_notes,WS-384,Hospital-LAN,False,normal,False
E000948,2026-01-07 09:42:22,S008,P0142,view_billing,WS-649,Hospital-LAN,False,normal,False
E000949,2026-01-07 09:44:45,S032,P0032,view_clinical_notes,WS-600,Hospital-LAN,False,normal,False
E000950,2026-01-07 09:45:09,S004,P0001,view_summary,WS-928,Hospital-LAN,False,normal,False
E000951,2026-01-07 09:45:45,S038,P0031,view_summary,WS-548,Hospital-LAN,False,normal,False
E000952,2026-01-07 09:47:50,S038,P0058,view_summary,WS-548,Hospital-LAN,False,normal,False
E000953,2026-01-07 09:48:06,S027,P0133,view_billing,WS-887,Hospital-LAN,False,normal,False
E000954,2026-01-07 09:49:05,S028,P0102,view_clinical_notes,WS-564,Hospital-LAN,False,normal,False
E000955,2026-01-07 09:57:06,S006,P0013,view_summary,WS-204,Hospital-LAN,False,normal,False
E000956,2026-01-07 10:04:23,S030,P0035,view_summary,WS-961,Hospital-LAN,False,normal,False
E000957,2026-01-07 10:05:47,S023,P0158,view_summary,WS-193,Hospital-LAN,False,normal,False
E000958,2026-01-07 10:06:58,S004,P0029,view_summary,WS-928,Hospital-LAN,False,normal,False
E000959,2026-01-07 10:07:23,S016,P0010,view_summary,WS-801,Hospital-LAN,False,normal,False
E000960,2026-01-07 10:08:02,S001,P0075,view_billing,WS-704,Hospital-LAN,False,normal,False
E000961,2026-01-07 10:08:26,S010,P0158,view_billing,WS-691,Hospital-LAN,False,normal,False
E000962,2026-01-07 10:10:12,S015,P0066,view_summary,WS-376,Hospital-LAN,False,normal,False
E000963,2026-01-07 10:12:28,S039,P0030,view_summary,WS-353,Hospital-LAN,False,normal,False
E000964,2026-01-07 10:14:56,S026,P0087,view_summary,WS-796,Hospital-LAN,False,normal,False
E000965,2026-01-07 10:18:07,S013,P0130,view_clinical_notes,WS-463,Hospital-LAN,False,normal,False
E000966,2026-01-07 10:18:33,S039,P0180,view_summary,WS-353,Hospital-LAN,False,normal,False
E000967,2026-01-07 10:20:48,S029,P0183,view_summary,WS-619,Hospital-LAN,False,normal,False
E000968,2026-01-07 10:24:29,S037,P0061,view_summary,WS-508,Hospital-LAN,False,normal,False
E000969,2026-01-07 10:26:15,S027,P0047,view_billing,WS-887,Hospital-LAN,False,normal,False
E000970,2026-01-07 10:26:32,S012,P0024,view_summary,WS-384,Hospital-LAN,False,normal,False
E000971,2026-01-07 10:26:54,S035,P0058,view_billing,WS-231,Hospital-LAN,False,normal,False
E000972,2026-01-07 10:28:29,S037,P0007,view_clinical_notes,WS-508,Hospital-LAN,False,normal,False
E000973,2026-01-07 10:28:48,S031,P0111,view_clinical_notes,WS-880,Hospital-LAN,False,normal,False
E000974,2026-01-07 10:32:54,S015,P0167,view_clinical_notes,WS-376,Hospital-LAN,False,normal,False
E000975,2026-01-07 10:36:20,S012,P0127,view_summary,WS-384,Hospital-LAN,True,legit_break_glass,False
E000976,2026-01-07 10:38:17,S031,P0137,view_summary,WS-880,Hospital-LAN,False,normal,False
E000977,2026-01-07 10:40:19,S002,P0129,view_summary,WS-617,Hospital-LAN,False,normal,False
E000978,2026-01-07 10:40:28,S033,P0153,view_summary,WS-159,Hospital-LAN,False,normal,False
E000979,2026-01-07 10:42:39,S002,P0146,view_clinical_notes,WS-617,Hospital-LAN,False,normal,False
E000980,2026-01-07 10:47:55,S039,P0144,view_summary,WS-353,Hospital-LAN,False,normal,False
E000981,2026-01-07 10:48:00,S039,P0043,view_summary,WS-353,Hospital-LAN,False,normal,False
E000982,2026-01-07 10:48:11,S032,P0136,view_summary,WS-600,Hospital-LAN,False,normal,False
E000983,2026-01-07 10:48:44,S008,P0175,view_billing,WS-649,Hospital-LAN,False,normal,False
E000984,2026-01-07 10:49:55,S016,P0026,view_summary,WS-801,Hospital-LAN,False,normal,False
E000985,2026-01-07 10:54:24,S015,P0178,view_clinical_notes,WS-376,Hospital-LAN,False,normal,False
E000986,2026-01-07 11:01:11,S026,P0188,view_clinical_notes,WS-796,Hospital-LAN,False,normal,False
E000987,2026-01-07 11:04:00,S032,P0147,view_clinical_notes,WS-600,Hospital-LAN,False,normal,False
E000988,2026-01-07 11:07:52,S023,P0005,view_summary,WS-193,Hospital-LAN,False,normal,False
E000989,2026-01-07 11:09:32,S020,P0058,view_summary,WS-246,Hospital-LAN,False,normal,False
E000990,2026-01-07 11:11:00,S031,P0021,view_summary,WS-880,Hospital-LAN,False,normal,False
E000991,2026-01-07 11:12:39,S004,P0140,view_clinical_notes,WS-928,Hospital-LAN,False,normal,False
E000992,2026-01-07 11:13:39,S010,P0187,view_billing,WS-691,Hospital-LAN,False,normal,False
E000993,2026-01-07 11:18:36,S038,P0112,view_summary,WS-548,Hospital-LAN,False,normal,False
E000994,2026-01-07 11:22:13,S033,P0067,view_summary,WS-159,Hospital-LAN,False,normal,False
E000995,2026-01-07 11:23:37,S022,P0180,view_summary,WS-324,Hospital-LAN,False,normal,False
E000996,2026-01-07 11:23:51,S026,P0110,view_summary,WS-796,Hospital-LAN,False,normal,False
E000997,2026-01-07 11:24:05,S001,P0098,view_billing,WS-704,Hospital-LAN,False,normal,False
E000998,2026-01-07 11:31:24,S006,P0009,view_summary,WS-204,Hospital-LAN,False,normal,False
E000999,2026-01-07 11:33:38,S006,P0111,view_summary,WS-204,Hospital-LAN,False,normal,False
E001000,2026-01-07 11:34:07,S019,P0171,view_billing,WS-505,Hospital-LAN,False,normal,False
E001001,2026-01-07 11:38:13,S022,P0074,view_summary,WS-324,Hospital-LAN,False,normal,False
E001002,2026-01-07 11:38:37,S028,P0053,view_summary,WS-564,Hospital-LAN,False,normal,False
E001003,2026-01-07 11:40:37,S026,P0198,view_clinical_notes,WS-796,Hospital-LAN,False,normal,False
E001004,2026-01-07 11:45:47,S011,P0185,view_clinical_notes,WS-891,Hospital-LAN,False,normal,False
E001005,2026-01-07 11:46:02,S016,P0121,view_summary,WS-801,Hospital-LAN,False,normal,False
E001006,2026-01-07 11:47:42,S015,P0062,view_summary,WS-376,Hospital-LAN,False,normal,False
E001007,2026-01-07 11:47:42,S030,P0139,view_summary,WS-961,Hospital-LAN,False,normal,False
E001008,2026-01-07 11:48:32,S000,P0009,view_clinical_notes,WS-242,Hospital-LAN,False,normal,False
E001009,2026-01-07 11:49:34,S037,P0081,view_clinical_notes,WS-508,Hospital-LAN,False,normal,False
E001010,2026-01-07 11:52:14,S032,P0017,view_summary,WS-600,Hospital-LAN,False,normal,False
E001011,2026-01-07 11:52:28,S001,P0092,view_billing,WS-704,Hospital-LAN,False,normal,False
E001012,2026-01-07 11:55:52,S022,P0070,view_summary,WS-324,Hospital-LAN,False,normal,False
E001013,2026-01-07 11:56:55,S027,P0042,view_billing,WS-887,Hospital-LAN,False,normal,False
E001014,2026-01-07 11:57:56,S019,P0121,view_billing,WS-505,Hospital-LAN,False,normal,False
E001015,2026-01-07 12:02:36,S031,P0002,view_summary,WS-880,Hospital-LAN,False,normal,False
E001016,2026-01-07 12:02:51,S005,P0186,view_summary,WS-814,Hospital-LAN,False,normal,False
E001017,2026-01-07 12:05:08,S023,P0035,view_summary,WS-193,Hospital-LAN,False,normal,False
E001018,2026-01-07 12:12:02,S035,P0152,view_billing,WS-231,Hospital-LAN,False,normal,False
E001019,2026-01-07 12:12:40,S002,P0196,view_clinical_notes,WS-617,Hospital-LAN,False,normal,False
E001020,2026-01-07 12:13:53,S001,P0039,view_billing,WS-704,Hospital-LAN,False,normal,False
E001021,2026-01-07 12:14:53,S008,P0070,view_billing,WS-649,Hospital-LAN,False,normal,False
E001022,2026-01-07 12:16:08,S017,P0129,view_clinical_notes,WS-924,Hospital-LAN,False,normal,False
E001023,2026-01-07 12:16:15,S022,P0163,view_summary,WS-324,Hospital-LAN,False,normal,False
E001024,2026-01-07 12:18:10,S017,P0002,view_clinical_notes,WS-924,Hospital-LAN,False,normal,False
E001025,2026-01-07 12:21:58,S023,P0049,view_summary,WS-193,Hospital-LAN,False,normal,False
E001026,2026-01-07 12:23:29,S035,P0004,view_billing,WS-231,Hospital-LAN,False,normal,False
E001027,2026-01-07 12:25:21,S010,P0077,view_billing,WS-691,Hospital-LAN,False,normal,False
E001028,2026-01-07 12:30:18,S030,P0069,view_summary,WS-961,Hospital-LAN,False,normal,False
E001029,2026-01-07 12:30:34,S013,P0000,view_clinical_notes,WS-463,Hospital-LAN,False,normal,False
E001030,2026-01-07 12:31:05,S017,P0013,view_summary,WS-924,Hospital-LAN,False,normal,False
E001031,2026-01-07 12:32:43,S019,P0111,view_billing,WS-505,Hospital-LAN,False,normal,False
E001032,2026-01-07 12:32:52,S033,P0020,view_clinical_notes,WS-159,Hospital-LAN,False,normal,False
E001033,2026-01-07 12:33:40,S020,P0020,view_summary,WS-246,Hospital-LAN,False,normal,False
E001034,2026-01-07 12:33:46,S033,P0006,view_clinical_notes,WS-159,Hospital-LAN,False,normal,False
E001035,2026-01-07 12:35:22,S000,P0036,view_summary,WS-242,Hospital-LAN,True,legit_break_glass,False
E001036,2026-01-07 12:38:14,S013,P0166,view_summary,WS-463,Hospital-LAN,False,normal,False
E001037,2026-01-07 12:39:32,S037,P0040,view_clinical_notes,WS-508,Hospital-LAN,False,family_snooping,True
E001038,2026-01-07 12:39:52,S023,P0162,view_summary,WS-193,Hospital-LAN,False,normal,False
E001039,2026-01-07 12:41:47,S013,P0117,view_clinical_notes,WS-463,Hospital-LAN,False,normal,False
E001040,2026-01-07 12:43:44,S020,P0181,view_summary,WS-246,Hospital-LAN,False,normal,False
E001041,2026-01-07 12:44:28,S012,P0083,view_summary,WS-384,Hospital-LAN,True,legit_break_glass,False
E001042,2026-01-07 12:45:21,S035,P0136,view_billing,WS-231,Hospital-LAN,False,normal,False
E001043,2026-01-07 12:46:27,S024,P0133,view_billing,WS-256,Hospital-LAN,False,normal,False
E001044,2026-01-07 12:46:42,S038,P0030,view_summary,WS-548,Hospital-LAN,False,normal,False
E001045,2026-01-07 12:46:56,S011,P0184,view_summary,WS-891,Hospital-LAN,False,normal,False
E001046,2026-01-07 12:46:59,S039,P0178,view_summary,WS-353,Hospital-LAN,False,normal,False
E001047,2026-01-07 12:53:23,S011,P0048,view_clinical_notes,WS-891,Hospital-LAN,False,normal,False
E001048,2026-01-07 12:54:16,S017,P0000,view_summary,WS-924,Hospital-LAN,False,normal,False
E001049,2026-01-07 12:54:52,S011,P0048,view_summary,WS-891,Hospital-LAN,False,normal,False
E001050,2026-01-07 12:57:09,S029,P0076,view_summary,WS-619,Hospital-LAN,False,normal,False
E001051,2026-01-07 12:59:02,S016,P0180,view_summary,WS-801,Hospital-LAN,False,normal,False
E001052,2026-01-07 13:07:21,S030,P0178,view_summary,WS-961,Hospital-LAN,False,normal,False
E001053,2026-01-07 13:13:47,S035,P0023,view_billing,WS-231,Hospital-LAN,False,normal,False
E001054,2026-01-07 13:17:42,S037,P0064,view_summary,WS-508,Hospital-LAN,False,normal,False
E001055,2026-01-07 13:17:50,S004,P0113,view_summary,WS-928,Hospital-LAN,False,normal,False
E001056,2026-01-07 13:19:18,S024,P0175,view_billing,WS-256,Hospital-LAN,False,normal,False
E001057,2026-01-07 13:19:46,S000,P0082,view_summary,WS-242,Hospital-LAN,False,normal,False
E001058,2026-01-07 13:20:22,S000,P0160,view_summary,WS-242,Hospital-LAN,False,vip_snooping,True
E001059,2026-01-07 13:22:00,S000,P0021,view_summary,WS-242,Hospital-LAN,False,normal,False
E001060,2026-01-07 13:25:29,S004,P0147,view_summary,WS-928,Hospital-LAN,False,normal,False
E001061,2026-01-07 13:25:37,S035,P0109,view_billing,WS-231,Hospital-LAN,False,normal,False
E001062,2026-01-07 13:28:43,S015,P0120,view_summary,WS-376,Hospital-LAN,False,vip_snooping,True
E001063,2026-01-07 13:29:06,S024,P0038,view_billing,WS-256,Hospital-LAN,False,normal,False
E001064,2026-01-07 13:31:01,S035,P0064,view_billing,WS-231,Hospital-LAN,False,normal,False
E001065,2026-01-07 13:48:25,S029,P0113,view_summary,WS-619,Hospital-LAN,False,normal,False
E001066,2026-01-07 13:50:08,S006,P0057,view_clinical_notes,WS-204,Hospital-LAN,False,normal,False
E001067,2026-01-07 13:52:17,S012,P0069,view_summary,WS-384,Hospital-LAN,False,normal,False
E001068,2026-01-07 13:52:23,S033,P0006,view_clinical_notes,WS-159,Hospital-LAN,False,normal,False
E001069,2026-01-07 13:54:35,S026,P0084,view_summary,WS-796,Hospital-LAN,False,normal,False
E001070,2026-01-07 13:59:13,S026,P0092,view_clinical_notes,WS-796,Hospital-LAN,False,normal,False
E001071,2026-01-07 13:59:20,S006,P0013,view_clinical_notes,WS-204,Hospital-LAN,False,normal,False
E001072,2026-01-07 14:00:18,S039,P0031,view_summary,WS-353,Hospital-LAN,False,normal,False
E001073,2026-01-07 14:00:39,S030,P0050,view_summary,WS-961,Hospital-LAN,False,normal,False
E001074,2026-01-07 14:01:47,S005,P0162,view_summary,WS-814,Hospital-LAN,False,normal,False
E001075,2026-01-07 14:03:25,S001,P0132,view_billing,WS-704,Hospital-LAN,False,normal,False
E001076,2026-01-07 14:05:31,S016,P0062,view_summary,WS-801,Hospital-LAN,False,normal,False
E001077,2026-01-07 14:10:53,S028,P0141,view_clinical_notes,WS-564,Hospital-LAN,False,normal,False
E001078,2026-01-07 14:11:10,S002,P0123,view_summary,WS-617,Hospital-LAN,False,legit_shift_cover,False
E001079,2026-01-07 14:11:26,S022,P0038,view_summary,WS-324,Hospital-LAN,False,normal,False
E001080,2026-01-07 14:12:54,S013,P0005,view_summary,WS-463,Hospital-LAN,False,normal,False
E001081,2026-01-07 14:14:16,S013,P0005,view_clinical_notes,WS-463,Hospital-LAN,False,normal,False
E001082,2026-01-07 14:15:10,S013,P0137,view_clinical_notes,WS-463,Hospital-LAN,False,normal,False
E001083,2026-01-07 14:21:47,S027,P0105,view_billing,WS-887,Hospital-LAN,False,normal,False
E001084,2026-01-07 14:22:42,S012,P0152,view_clinical_notes,WS-384,Hospital-LAN,False,normal,False
E001085,2026-01-07 14:25:49,S015,P0025,view_clinical_notes,WS-376,Hospital-LAN,False,normal,False
E001086,2026-01-07 14:26:29,S000,P0082,view_summary,WS-242,Hospital-LAN,False,normal,False
E001087,2026-01-07 14:28:10,S027,P0066,view_billing,WS-887,Hospital-LAN,False,normal,False
E001088,2026-01-07 14:29:58,S020,P0020,view_summary,WS-246,Hospital-LAN,False,normal,False
E001089,2026-01-07 14:31:10,S039,P0165,view_summary,WS-353,Hospital-LAN,False,normal,False
E001090,2026-01-07 14:31:16,S038,P0023,view_summary,WS-548,Hospital-LAN,False,normal,False
E001091,2026-01-07 14:34:05,S025,P0183,view_summary,WS-494,Hospital-LAN,False,normal,False
E001092,2026-01-07 14:35:57,S025,P0169,view_clinical_notes,WS-494,Hospital-LAN,False,normal,False
E001093,2026-01-07 14:36:30,S012,P0074,view_clinical_notes,WS-384,Hospital-LAN,False,normal,False
E001094,2026-01-07 14:36:46,S037,P0164,view_clinical_notes,WS-508,Hospital-LAN,False,normal,False
E001095,2026-01-07 14:40:06,S035,P0072,view_billing,WS-231,Hospital-LAN,False,normal,False
E001096,2026-01-07 14:41:50,S026,P0195,view_summary,WS-796,Hospital-LAN,False,normal,False
E001097,2026-01-07 14:43:52,S017,P0150,view_summary,WS-924,Hospital-LAN,False,legit_shift_cover,False
E001098,2026-01-07 14:46:59,S037,P0081,view_clinical_notes,WS-508,Hospital-LAN,False,normal,False
E001099,2026-01-07 14:48:00,S015,P0073,view_clinical_notes,WS-376,Hospital-LAN,False,normal,False
E001100,2026-01-07 14:48:35,S027,P0032,view_billing,WS-887,Hospital-LAN,False,normal,False
E001101,2026-01-07 14:53:37,S010,P0127,view_billing,WS-691,Hospital-LAN,False,normal,False
E001102,2026-01-07 15:02:16,S008,P0115,view_billing,WS-649,Hospital-LAN,False,normal,False
E001103,2026-01-07 15:02:58,S028,P0101,view_summary,WS-564,Hospital-LAN,False,normal,False
E001104,2026-01-07 15:19:00,S013,P0162,view_clinical_notes,WS-463,Hospital-LAN,False,normal,False
E001105,2026-01-07 15:20:41,S039,P0062,view_summary,WS-353,Hospital-LAN,False,normal,False
E001106,2026-01-07 15:21:15,S024,P0195,view_billing,WS-256,Hospital-LAN,False,normal,False
E001107,2026-01-07 15:24:58,S027,P0173,view_billing,WS-887,Hospital-LAN,False,normal,False
E001108,2026-01-07 15:26:21,S020,P0043,view_summary,WS-246,Hospital-LAN,False,normal,False
E001109,2026-01-07 15:26:33,S031,P0194,view_summary,WS-880,Hospital-LAN,False,normal,False
E001110,2026-01-07 15:29:28,S011,P0109,view_clinical_notes,WS-891,Hospital-LAN,False,normal,False
E001111,2026-01-07 15:29:32,S017,P0193,view_clinical_notes,WS-924,Hospital-LAN,False,normal,False
E001112,2026-01-07 15:31:32,S030,P0180,view_summary,WS-961,Hospital-LAN,False,normal,False
E001113,2026-01-07 15:32:33,S019,P0032,view_billing,WS-505,Hospital-LAN,False,normal,False
E001114,2026-01-07 15:35:06,S011,P0054,view_summary,WS-891,Hospital-LAN,False,normal,False
E001115,2026-01-07 15:37:27,S005,P0102,view_summary,WS-814,Hospital-LAN,False,normal,False
E001116,2026-01-07 15:38:21,S025,P0001,view_summary,WS-494,Hospital-LAN,False,normal,False
E001117,2026-01-07 15:38:28,S000,P0094,view_clinical_notes,WS-242,Hospital-LAN,False,normal,False
E001118,2026-01-07 15:39:00,S001,P0021,view_billing,WS-704,Hospital-LAN,False,normal,False
E001119,2026-01-07 15:39:23,S019,P0177,view_billing,WS-505,Hospital-LAN,False,normal,False
E001120,2026-01-07 15:40:38,S006,P0005,view_summary,WS-204,Hospital-LAN,False,normal,False
E001121,2026-01-07 15:43:29,S012,P0008,view_clinical_notes,WS-384,Hospital-LAN,False,normal,False
E001122,2026-01-07 15:45:30,S039,P0135,view_summary,WS-353,Hospital-LAN,False,normal,False
E001123,2026-01-07 15:51:55,S030,P0003,view_summary,WS-961,Hospital-LAN,False,normal,False
E001124,2026-01-07 15:53:19,S016,P0057,view_summary,WS-801,Hospital-LAN,False,normal,False
E001125,2026-01-07 15:53:38,S032,P0192,view_summary,WS-600,Hospital-LAN,False,normal,False
E001126,2026-01-07 15:55:20,S033,P0020,view_clinical_notes,WS-159,Hospital-LAN,False,normal,False
E001127,2026-01-07 15:59:25,S012,P0003,view_clinical_notes,WS-384,Hospital-LAN,False,normal,False
E001128,2026-01-07 16:01:57,S025,P0188,view_clinical_notes,WS-494,Hospital-LAN,False,normal,False
E001129,2026-01-07 16:02:29,S027,P0007,view_billing,WS-887,Hospital-LAN,False,normal,False
E001130,2026-01-07 16:08:53,S038,P0119,view_summary,WS-548,Hospital-LAN,False,normal,False
E001131,2026-01-07 16:09:12,S016,P0090,view_summary,WS-801,Hospital-LAN,False,normal,False
E001132,2026-01-07 16:11:16,S035,P0178,view_billing,WS-231,Hospital-LAN,False,normal,False
E001133,2026-01-07 16:11:35,S005,P0042,view_summary,WS-814,Hospital-LAN,False,normal,False
E001134,2026-01-07 16:18:01,S004,P0140,view_clinical_notes,WS-928,Hospital-LAN,False,normal,False
E001135,2026-01-07 16:18:21,S012,P0027,view_clinical_notes,WS-384,Hospital-LAN,False,normal,False
E001136,2026-01-07 16:20:39,S039,P0098,view_summary,WS-353,Hospital-LAN,False,normal,False
E001137,2026-01-07 16:20:55,S020,P0083,view_summary,WS-246,Hospital-LAN,False,normal,False
E001138,2026-01-07 16:23:12,S013,P0094,view_clinical_notes,WS-463,Hospital-LAN,False,normal,False
E001139,2026-01-07 16:25:21,S029,P0115,view_clinical_notes,WS-619,Hospital-LAN,False,normal,False
E001140,2026-01-07 16:26:34,S008,P0180,view_billing,WS-649,Hospital-LAN,False,normal,False
E001141,2026-01-07 16:27:29,S005,P0061,view_summary,WS-814,Hospital-LAN,False,normal,False
E001142,2026-01-07 16:29:23,S004,P0017,view_clinical_notes,WS-928,Hospital-LAN,False,normal,False
E001143,2026-01-07 16:36:57,S008,P0136,view_billing,WS-649,Hospital-LAN,False,normal,False
E001144,2026-01-07 16:39:44,S020,P0138,view_summary,WS-246,Hospital-LAN,False,normal,False
E001145,2026-01-07 16:41:10,S002,P0118,view_summary,WS-617,Hospital-LAN,False,normal,False
E001146,2026-01-07 16:46:18,S029,P0092,view_summary,WS-619,Hospital-LAN,False,normal,False
E001147,2026-01-07 16:49:24,S031,P0086,view_clinical_notes,WS-880,Hospital-LAN,False,normal,False
E001148,2026-01-07 16:51:39,S026,P0195,view_clinical_notes,WS-796,Hospital-LAN,False,normal,False
E001149,2026-01-07 16:52:50,S012,P0088,view_clinical_notes,WS-384,Hospital-LAN,False,normal,False
E001150,2026-01-07 16:53:32,S038,P0198,view_summary,WS-548,Hospital-LAN,False,normal,False
E001151,2026-01-07 16:54:49,S030,P0031,view_summary,WS-961,Hospital-LAN,False,normal,False
E001152,2026-01-07 16:56:24,S010,P0110,view_billing,WS-691,Hospital-LAN,False,normal,False
E001153,2026-01-07 16:57:18,S002,P0176,view_summary,WS-617,Hospital-LAN,False,normal,False
E001154,2026-01-07 17:02:52,S002,P0176,view_summary,WS-617,Hospital-LAN,False,normal,False
E001155,2026-01-07 17:07:27,S035,P0119,view_billing,WS-231,Hospital-LAN,False,normal,False
E001156,2026-01-07 17:08:28,S029,P0169,view_clinical_notes,WS-619,Hospital-LAN,False,normal,False
E001157,2026-01-07 17:11:58,S017,P0118,view_summary,WS-924,Hospital-LAN,False,normal,False
E001158,2026-01-07 17:12:33,S012,P0003,view_summary,WS-384,Hospital-LAN,False,normal,False
E001159,2026-01-07 17:14:35,S008,P0016,view_billing,WS-649,Hospital-LAN,False,normal,False
E001160,2026-01-07 17:17:38,S027,P0009,view_clinical_notes,WS-887,Hospital-LAN,False,role_abuse,True
E001161,2026-01-07 17:19:46,S028,P0138,view_summary,WS-564,Hospital-LAN,False,normal,False
E001162,2026-01-07 17:22:24,S025,P0033,view_summary,WS-494,Hospital-LAN,False,normal,False
E001163,2026-01-07 17:23:45,S008,P0074,view_clinical_notes,WS-649,Hospital-LAN,False,role_abuse,True
E001164,2026-01-07 17:25:02,S037,P0181,view_clinical_notes,WS-508,Hospital-LAN,False,normal,False
E001165,2026-01-07 17:28:10,S030,P0177,view_summary,WS-961,Hospital-LAN,False,normal,False
E001166,2026-01-07 17:29:43,S028,P0052,view_clinical_notes,WS-564,Hospital-LAN,False,normal,False
E001167,2026-01-07 17:30:13,S002,P0138,view_clinical_notes,WS-617,Hospital-LAN,False,family_snooping,True
E001168,2026-01-07 17:36:42,S010,P0186,view_billing,WS-691,Hospital-LAN,False,normal,False
E001169,2026-01-07 17:37:25,S011,P0165,view_summary,WS-891,Hospital-LAN,False,normal,False
E001170,2026-01-07 17:39:43,S000,P0130,view_summary,WS-242,Hospital-LAN,False,normal,False
E001171,2026-01-07 17:40:01,S002,P0105,view_clinical_notes,WS-617,Hospital-LAN,False,normal,False
E001172,2026-01-07 17:42:25,S000,P0005,view_summary,WS-242,Hospital-LAN,False,normal,False
E001173,2026-01-07 17:43:28,S006,P0176,view_summary,WS-204,Hospital-LAN,False,normal,False
E001174,2026-01-07 17:44:00,S031,P0193,view_clinical_notes,WS-880,Hospital-LAN,False,normal,False
E001175,2026-01-07 17:45:23,S039,P0136,view_summary,WS-353,Hospital-LAN,False,normal,False
E001176,2026-01-07 17:46:21,S017,P0094,view_clinical_notes,WS-924,Hospital-LAN,False,normal,False
E001177,2026-01-07 17:46:24,S006,P0083,view_clinical_notes,WS-204,Hospital-LAN,False,normal,False
E001178,2026-01-07 17:56:15,S008,P0125,view_billing,WS-649,Hospital-LAN,False,normal,False
E001179,2026-01-07 17:59:42,S000,P0170,view_clinical_notes,WS-242,Hospital-LAN,False,normal,False
E001180,2026-01-07 18:01:22,S015,P0039,view_clinical_notes,WS-376,Hospital-LAN,False,normal,False
E001181,2026-01-07 18:05:15,S006,P0117,view_clinical_notes,WS-204,Hospital-LAN,False,normal,False
E001182,2026-01-07 18:05:17,S000,P0096,view_clinical_notes,WS-242,Hospital-LAN,False,normal,False
E001183,2026-01-07 18:06:27,S023,P0140,view_summary,WS-193,Hospital-LAN,False,normal,False
E001184,2026-01-07 18:07:22,S025,P0188,view_clinical_notes,WS-494,Hospital-LAN,False,normal,False
E001185,2026-01-07 18:07:28,S024,P0078,view_billing,WS-256,Hospital-LAN,False,normal,False
E001186,2026-01-07 18:09:37,S008,P0128,view_clinical_notes,WS-649,Hospital-LAN,False,role_abuse,True
E001187,2026-01-07 18:11:11,S005,P0168,view_summary,WS-814,Hospital-LAN,False,normal,False
E001188,2026-01-07 18:11:48,S020,P0025,view_summary,WS-246,Hospital-LAN,False,normal,False
E001189,2026-01-07 18:13:49,S002,P0118,view_clinical_notes,WS-617,Hospital-LAN,False,normal,False
E001190,2026-01-07 18:15:27,S023,P0165,view_summary,WS-193,Hospital-LAN,False,normal,False
E001191,2026-01-07 18:15:33,S013,P0162,view_clinical_notes,WS-463,Hospital-LAN,False,normal,False
E001192,2026-01-07 18:18:51,S017,P0146,view_summary,WS-924,Hospital-LAN,False,normal,False
E001193,2026-01-07 18:19:30,S002,P0057,view_clinical_notes,WS-617,Hospital-LAN,False,normal,False
E001194,2026-01-07 18:22:58,S010,P0177,view_billing,WS-691,Hospital-LAN,False,normal,False
E001195,2026-01-07 18:28:23,S017,P0166,view_summary,WS-924,Hospital-LAN,False,normal,False
E001196,2026-01-07 18:30:29,S023,P0182,view_summary,WS-193,Hospital-LAN,False,normal,False
E001197,2026-01-07 18:30:37,S017,P0021,view_summary,WS-924,Hospital-LAN,False,normal,False
E001198,2026-01-07 18:31:01,S004,P0001,view_clinical_notes,WS-928,Hospital-LAN,False,normal,False
E001199,2026-01-07 18:31:07,S022,P0059,view_summary,WS-324,Hospital-LAN,False,normal,False
E001200,2026-01-07 18:32:22,S024,P0032,view_billing,WS-256,Hospital-LAN,False,normal,False
E001201,2026-01-07 18:32:59,S030,P0192,view_summary,WS-961,Hospital-LAN,False,normal,False
E001202,2026-01-07 18:34:18,S027,P0175,view_billing,WS-887,Hospital-LAN,False,normal,False
E001203,2026-01-07 18:44:43,S027,P0196,view_billing,WS-887,Hospital-LAN,False,normal,False
E001204,2026-01-07 18:47:38,S023,P0190,view_summary,WS-193,Hospital-LAN,False,normal,False
E001205,2026-01-07 18:51:10,S005,P0194,view_summary,WS-814,Hospital-LAN,False,normal,False
E001206,2026-01-07 18:52:46,S033,P0173,view_clinical_notes,WS-159,Hospital-LAN,False,normal,False
E001207,2026-01-07 18:54:35,S037,P0059,view_clinical_notes,WS-508,Hospital-LAN,False,normal,False
E001208,2026-01-07 18:54:57,S000,P0095,view_summary,WS-242,Hospital-LAN,True,legit_break_glass,False
E001209,2026-01-07 18:57:06,S029,P0095,view_clinical_notes,WS-619,Hospital-LAN,False,legit_referral,False
E001210,2026-01-07 18:59:00,S025,P0151,view_clinical_notes,WS-494,Hospital-LAN,False,normal,False
E001211,2026-01-07 19:01:44,S032,P0115,view_clinical_notes,WS-600,Hospital-LAN,False,normal,False
E001212,2026-01-07 19:01:54,S006,P0176,view_clinical_notes,WS-204,Hospital-LAN,False,normal,False
E001213,2026-01-07 19:03:53,S024,P0098,view_billing,WS-256,Hospital-LAN,False,normal,False
E001214,2026-01-07 19:04:07,S026,P0032,view_summary,WS-796,Hospital-LAN,False,normal,False
E001215,2026-01-07 19:04:57,S011,P0007,view_summary,WS-891,Hospital-LAN,False,normal,False
E001216,2026-01-07 19:07:48,S010,P0093,view_billing,WS-691,Hospital-LAN,False,normal,False
E001217,2026-01-07 19:14:19,S004,P0160,view_summary,WS-928,Hospital-LAN,False,normal,False
E001218,2026-01-07 19:19:29,S029,P0155,view_summary,WS-619,Hospital-LAN,False,normal,False
E001219,2026-01-07 19:19:32,S028,P0199,view_clinical_notes,WS-564,Hospital-LAN,False,normal,False
E001220,2026-01-07 19:20:55,S015,P0150,view_summary,WS-376,Hospital-LAN,False,normal,False
E001221,2026-01-07 19:24:33,S024,P0193,view_billing,WS-256,Hospital-LAN,False,normal,False
E001222,2026-01-07 19:25:18,S006,P0130,view_summary,WS-204,Hospital-LAN,False,normal,False
E001223,2026-01-07 19:27:44,S030,P0140,view_summary,WS-961,Hospital-LAN,False,normal,False
E001224,2026-01-07 19:31:24,S022,P0034,view_summary,WS-324,Hospital-LAN,False,normal,False
E001225,2026-01-07 19:32:35,S011,P0071,view_clinical_notes,WS-891,Hospital-LAN,False,legit_referral,False
E001226,2026-01-07 19:33:44,S032,P0092,view_clinical_notes,WS-600,Hospital-LAN,False,normal,False
E001227,2026-01-07 19:34:43,S019,P0140,view_billing,WS-505,Hospital-LAN,False,normal,False
E001228,2026-01-07 19:34:49,S033,P0036,view_clinical_notes,WS-159,Hospital-LAN,False,normal,False
E001229,2026-01-07 19:35:55,S010,P0083,view_billing,WS-691,Hospital-LAN,False,normal,False
E001230,2026-01-07 19:36:06,S027,P0103,view_billing,WS-887,Hospital-LAN,False,normal,False
E001231,2026-01-07 19:37:11,S010,P0192,view_billing,WS-691,Hospital-LAN,False,normal,False
E001232,2026-01-07 19:37:57,S028,P0039,view_summary,WS-564,Hospital-LAN,False,normal,False
E001233,2026-01-07 19:40:01,S000,P0005,view_summary,WS-242,Hospital-LAN,False,normal,False
E001234,2026-01-07 19:41:11,S010,P0132,view_billing,WS-691,Hospital-LAN,False,normal,False
E001235,2026-01-07 19:42:41,S028,P0052,view_clinical_notes,WS-564,Hospital-LAN,False,normal,False
E001236,2026-01-07 19:43:44,S023,P0177,view_summary,WS-193,Hospital-LAN,False,normal,False
E001237,2026-01-07 19:46:46,S027,P0057,view_billing,WS-887,Hospital-LAN,False,normal,False
E001238,2026-01-07 19:48:14,S019,P0085,view_billing,WS-505,Hospital-LAN,False,normal,False
E001239,2026-01-07 19:48:37,S019,P0184,view_billing,WS-505,Hospital-LAN,False,normal,False
E001240,2026-01-07 19:50:36,S017,P0068,view_summary,WS-924,Hospital-LAN,False,normal,False
E001241,2026-01-07 19:52:25,S031,P0105,view_summary,WS-880,Hospital-LAN,False,normal,False
E001242,2026-01-07 19:53:08,S001,P0199,view_billing,WS-704,Hospital-LAN,False,normal,False
E001243,2026-01-07 19:54:35,S029,P0113,view_summary,WS-619,Hospital-LAN,False,normal,False
E001244,2026-01-07 19:55:33,S016,P0082,view_summary,WS-801,Hospital-LAN,False,normal,False
E001245,2026-01-07 19:55:33,S016,P0030,view_summary,WS-801,Hospital-LAN,False,normal,False
E001246,2026-01-07 20:01:54,S036,P0173,view_summary,WS-993,Hospital-LAN,False,normal,False
E001247,2026-01-07 20:10:26,S007,P0187,view_clinical_notes,WS-370,Hospital-LAN,False,legit_referral,False
E001248,2026-01-07 20:11:40,S018,P0002,view_clinical_notes,WS-997,Hospital-LAN,False,normal,False
E001249,2026-01-07 20:16:24,S003,P0061,view_clinical_notes,WS-818,Hospital-LAN,False,normal,False
E001250,2026-01-07 20:18:38,S014,P0001,view_summary,WS-275,Hospital-LAN,False,normal,False
E001251,2026-01-07 20:19:18,S009,P0172,view_clinical_notes,WS-400,Hospital-LAN,False,normal,False
E001252,2026-01-07 20:21:03,S018,P0082,view_summary,WS-997,Hospital-LAN,False,normal,False
E001253,2026-01-07 20:34:12,S009,P0145,view_summary,WS-400,Hospital-LAN,False,normal,False
E001254,2026-01-07 20:43:00,S009,P0074,view_summary,WS-400,Hospital-LAN,False,normal,False
E001255,2026-01-07 21:02:29,S007,P0014,view_summary,WS-370,Hospital-LAN,False,normal,False
E001256,2026-01-07 21:02:29,S014,P0110,view_summary,WS-275,Hospital-LAN,False,normal,False
E001257,2026-01-07 21:02:54,S036,P0173,view_summary,WS-993,Hospital-LAN,False,normal,False
E001258,2026-01-07 21:08:39,S009,P0161,view_clinical_notes,WS-400,Hospital-LAN,False,normal,False
E001259,2026-01-07 21:12:57,S007,P0153,view_clinical_notes,WS-370,Hospital-LAN,False,normal,False
E001260,2026-01-07 21:13:42,S034,P0145,view_clinical_notes,WS-597,Hospital-LAN,False,normal,False
E001261,2026-01-07 21:29:39,S018,P0021,view_summary,WS-997,Hospital-LAN,False,normal,False
E001262,2026-01-07 21:55:19,S021,P0045,view_clinical_notes,WS-538,Hospital-LAN,False,normal,False
E001263,2026-01-07 22:00:47,S003,P0106,view_clinical_notes,WS-818,Hospital-LAN,False,normal,False
E001264,2026-01-07 22:01:34,S021,P0091,view_summary,WS-538,Hospital-LAN,False,normal,False
E001265,2026-01-07 22:05:57,S007,P0186,view_clinical_notes,WS-370,Hospital-LAN,False,normal,False
E001266,2026-01-07 22:08:30,S003,P0091,view_summary,WS-818,Hospital-LAN,False,normal,False
E001267,2026-01-07 22:16:23,S014,P0195,view_summary,WS-275,Hospital-LAN,False,normal,False
E001268,2026-01-07 22:20:06,S036,P0159,view_clinical_notes,WS-993,Hospital-LAN,False,normal,False
E001269,2026-01-07 22:22:13,S007,P0036,view_clinical_notes,WS-370,Hospital-LAN,False,normal,False
E001270,2026-01-07 22:29:34,S009,P0110,view_clinical_notes,WS-400,Hospital-LAN,False,legit_referral,False
E001271,2026-01-07 22:31:41,S018,P0000,view_clinical_notes,WS-997,Hospital-LAN,False,normal,False
E001272,2026-01-07 22:36:48,S009,P0043,view_clinical_notes,WS-400,Hospital-LAN,False,normal,False
E001273,2026-01-07 22:39:19,S021,P0119,view_clinical_notes,WS-538,Hospital-LAN,False,normal,False
E001274,2026-01-07 22:44:20,S036,P0131,view_clinical_notes,WS-993,Hospital-LAN,False,normal,False
E001275,2026-01-07 22:49:20,S034,P0027,view_summary,WS-597,Hospital-LAN,False,normal,False
E001276,2026-01-07 23:06:42,S036,P0020,view_clinical_notes,WS-993,Hospital-LAN,False,normal,False
E001277,2026-01-07 23:06:57,S036,P0036,view_clinical_notes,WS-993,Hospital-LAN,False,normal,False
E001278,2026-01-07 23:12:03,S034,P0179,view_clinical_notes,WS-597,Hospital-LAN,False,normal,False
E001279,2026-01-07 23:15:41,S021,P0089,view_summary,WS-538,Hospital-LAN,False,normal,False
E001280,2026-01-08 00:09:48,S018,P0094,view_summary,WS-997,Hospital-LAN,False,normal,False
E001281,2026-01-08 00:16:03,S021,P0089,view_clinical_notes,WS-538,Hospital-LAN,False,normal,False
E001282,2026-01-08 00:26:07,S034,P0027,view_clinical_notes,WS-597,Hospital-LAN,False,normal,False
E001283,2026-01-08 00:31:28,S036,P0154,view_clinical_notes,WS-993,Hospital-LAN,False,normal,False
E001284,2026-01-08 00:51:19,S014,P0019,view_clinical_notes,WS-275,Hospital-LAN,False,normal,False
E001285,2026-01-08 01:11:43,S036,P0173,view_clinical_notes,WS-993,Hospital-LAN,False,normal,False
E001286,2026-01-08 01:25:05,S034,P0191,view_clinical_notes,WS-597,Hospital-LAN,False,normal,False
E001287,2026-01-08 01:35:10,S018,P0096,view_summary,WS-997,Hospital-LAN,False,normal,False
E001288,2026-01-08 01:37:23,S003,P0112,view_summary,WS-818,Hospital-LAN,True,legit_break_glass,False
E001289,2026-01-08 01:45:41,S009,P0010,view_clinical_notes,WS-400,Hospital-LAN,False,normal,False
E001290,2026-01-08 01:49:26,S036,P0131,view_summary,WS-993,Hospital-LAN,False,normal,False
E001291,2026-01-08 01:50:30,S014,P0033,view_clinical_notes,WS-275,Hospital-LAN,False,normal,False
E001292,2026-01-08 01:53:50,S018,P0037,view_summary,WS-997,Hospital-LAN,False,normal,False
E001293,2026-01-08 01:56:52,S014,P0115,view_clinical_notes,WS-275,Hospital-LAN,False,normal,False
E001294,2026-01-08 02:07:35,S009,P0088,view_clinical_notes,WS-400,Hospital-LAN,False,normal,False
E001295,2026-01-08 02:10:29,S021,P0001,view_summary,WS-538,Hospital-LAN,False,legit_shift_cover,False
E001296,2026-01-08 02:12:41,S007,P0186,view_summary,WS-370,Hospital-LAN,False,normal,False
E001297,2026-01-08 02:13:22,S021,P0028,view_clinical_notes,WS-538,Hospital-LAN,False,normal,False
E001298,2026-01-08 02:17:11,S007,P0006,view_clinical_notes,WS-370,Hospital-LAN,False,normal,False
E001299,2026-01-08 02:42:06,S009,P0189,view_clinical_notes,WS-400,Hospital-LAN,False,normal,False
E001300,2026-01-08 02:43:32,S003,P0089,view_summary,WS-818,Hospital-LAN,False,normal,False
E001301,2026-01-08 02:46:19,S034,P0090,view_clinical_notes,WS-597,Hospital-LAN,False,normal,False
E001302,2026-01-08 02:50:45,S007,P0095,view_clinical_notes,WS-370,Hospital-LAN,False,normal,False
E001303,2026-01-08 03:18:08,S034,P0152,view_summary,WS-597,Hospital-LAN,False,normal,False
E001304,2026-01-08 03:26:56,S007,P0121,view_clinical_notes,WS-370,Hospital-LAN,False,normal,False
E001305,2026-01-08 03:40:54,S021,P0028,view_summary,WS-538,Hospital-LAN,False,normal,False
E001306,2026-01-08 04:22:22,S036,P0134,view_summary,WS-993,Hospital-LAN,False,normal,False
E001307,2026-01-08 04:45:23,S003,P0028,view_summary,WS-818,Hospital-LAN,False,normal,False
E001308,2026-01-08 04:50:31,S007,P0095,view_clinical_notes,WS-370,Hospital-LAN,False,normal,False
E001309,2026-01-08 04:51:19,S021,P0127,view_clinical_notes,WS-538,Hospital-LAN,False,normal,False
E001310,2026-01-08 04:51:42,S003,P0059,view_summary,WS-818,Hospital-LAN,False,normal,False
E001311,2026-01-08 04:51:50,S036,P0067,view_summary,WS-993,Hospital-LAN,False,normal,False
E001312,2026-01-08 04:58:33,S034,P0010,view_clinical_notes,WS-597,Hospital-LAN,False,normal,False
E001313,2026-01-08 05:01:18,S034,P0008,view_summary,WS-597,Hospital-LAN,False,normal,False
E001314,2026-01-08 05:01:40,S036,P0154,view_summary,WS-993,Hospital-LAN,False,normal,False
E001315,2026-01-08 05:02:08,S018,P0009,view_clinical_notes,WS-997,Hospital-LAN,False,normal,False
E001316,2026-01-08 05:03:42,S009,P0024,view_summary,WS-400,Hospital-LAN,False,normal,False
E001317,2026-01-08 05:11:21,S018,P0005,view_summary,WS-997,Hospital-LAN,False,normal,False
E001318,2026-01-08 05:14:01,S007,P0186,view_clinical_notes,WS-370,Hospital-LAN,False,normal,False
E001319,2026-01-08 05:14:10,S007,P0020,view_summary,WS-370,Hospital-LAN,False,normal,False
E001320,2026-01-08 05:21:17,S021,P0028,view_clinical_notes,WS-538,Hospital-LAN,False,normal,False
E001321,2026-01-08 05:23:26,S003,P0163,view_clinical_notes,WS-818,Hospital-LAN,False,normal,False
E001322,2026-01-08 05:29:37,S009,P0006,view_clinical_notes,WS-400,Hospital-LAN,False,legit_referral,False
E001323,2026-01-08 05:39:15,S007,P0153,view_clinical_notes,WS-370,Hospital-LAN,False,normal,False
E001324,2026-01-08 05:52:58,S014,P0029,view_clinical_notes,WS-275,Hospital-LAN,False,normal,False
E001325,2026-01-08 05:53:44,S018,P0028,view_summary,WS-997,Hospital-LAN,True,legit_break_glass,False
E001326,2026-01-08 05:58:13,S014,P0174,view_summary,WS-275,Hospital-LAN,False,normal,False
E001327,2026-01-08 06:01:04,S034,P0177,view_summary,WS-597,Hospital-LAN,False,normal,False
E001328,2026-01-08 06:07:29,S003,P0089,view_summary,WS-818,Hospital-LAN,False,normal,False
E001329,2026-01-08 06:08:21,S009,P0179,view_clinical_notes,WS-400,Hospital-LAN,False,normal,False
E001330,2026-01-08 06:11:27,S018,P0046,view_summary,WS-997,Hospital-LAN,False,legit_shift_cover,False
E001331,2026-01-08 06:15:17,S007,P0121,view_summary,WS-370,Hospital-LAN,False,normal,False
E001332,2026-01-08 06:16:49,S009,P0190,view_summary,WS-400,Hospital-LAN,False,normal,False
E001333,2026-01-08 06:23:44,S003,P0061,view_summary,WS-818,Hospital-LAN,False,normal,False
E001334,2026-01-08 06:25:20,S018,P0009,view_summary,WS-997,Hospital-LAN,False,normal,False
E001335,2026-01-08 06:43:53,S034,P0057,view_summary,WS-597,Hospital-LAN,True,legit_break_glass,False
E001336,2026-01-08 06:45:33,S021,P0054,view_clinical_notes,WS-538,Hospital-LAN,False,normal,False
E001337,2026-01-08 06:48:35,S021,P0054,view_summary,WS-538,Hospital-LAN,False,normal,False
E001338,2026-01-08 06:48:38,S003,P0031,view_clinical_notes,WS-818,Hospital-LAN,False,normal,False
E001339,2026-01-08 06:49:40,S014,P0113,view_summary,WS-275,Hospital-LAN,False,normal,False
E001340,2026-01-08 06:51:34,S007,P0186,view_summary,WS-370,Hospital-LAN,False,normal,False
E001341,2026-01-08 06:58:18,S003,P0119,view_summary,WS-818,Hospital-LAN,False,normal,False
E001342,2026-01-08 08:00:16,S027,P0030,view_billing,WS-887,Hospital-LAN,False,normal,False
E001343,2026-01-08 08:07:15,S029,P0113,view_clinical_notes,WS-619,Hospital-LAN,False,normal,False
E001344,2026-01-08 08:10:29,S017,P0086,view_clinical_notes,WS-924,Hospital-LAN,False,normal,False
E001345,2026-01-08 08:10:52,S028,P0178,view_summary,WS-564,Hospital-LAN,False,normal,False
E001346,2026-01-08 08:11:47,S026,P0071,view_clinical_notes,WS-796,Hospital-LAN,False,family_snooping,True
E001347,2026-01-08 08:12:06,S020,P0009,view_summary,WS-246,Hospital-LAN,False,normal,False
E001348,2026-01-08 08:12:52,S025,P0155,view_clinical_notes,WS-494,Hospital-LAN,False,normal,False
E001349,2026-01-08 08:14:47,S025,P0001,view_clinical_notes,WS-494,Hospital-LAN,False,normal,False
E001350,2026-01-08 08:15:05,S006,P0194,view_clinical_notes,WS-204,Hospital-LAN,False,normal,False
E001351,2026-01-08 08:16:13,S006,P0002,view_summary,WS-204,Hospital-LAN,False,normal,False
E001352,2026-01-08 08:16:32,S022,P0163,view_summary,WS-324,Hospital-LAN,False,normal,False
E001353,2026-01-08 08:17:31,S025,P0195,view_summary,WS-494,Hospital-LAN,False,normal,False
E001354,2026-01-08 08:17:49,S013,P0086,view_summary,WS-463,Hospital-LAN,False,normal,False
E001355,2026-01-08 08:25:53,S032,P0115,view_clinical_notes,WS-600,Hospital-LAN,False,normal,False
E001356,2026-01-08 08:30:08,S022,P0085,view_summary,WS-324,Hospital-LAN,False,normal,False
E001357,2026-01-08 08:30:22,S020,P0082,view_summary,WS-246,Hospital-LAN,False,normal,False
E001358,2026-01-08 08:31:19,S035,P0002,view_billing,WS-231,Hospital-LAN,False,normal,False
E001359,2026-01-08 08:31:25,S023,P0128,view_summary,WS-193,Hospital-LAN,False,normal,False
E001360,2026-01-08 08:35:45,S037,P0060,view_summary,WS-508,Hospital-LAN,False,normal,False
E001361,2026-01-08 08:36:48,S016,P0082,view_summary,WS-801,Hospital-LAN,False,normal,False
E001362,2026-01-08 08:39:35,S016,P0135,view_summary,WS-801,Hospital-LAN,False,normal,False
E001363,2026-01-08 08:40:00,S004,P0169,view_summary,WS-928,Hospital-LAN,False,normal,False
E001364,2026-01-08 08:41:16,S017,P0162,view_summary,WS-924,Hospital-LAN,False,normal,False
E001365,2026-01-08 08:41:22,S031,P0130,view_clinical_notes,WS-880,Hospital-LAN,False,normal,False
E001366,2026-01-08 08:42:03,S010,P0053,view_billing,WS-691,Hospital-LAN,False,normal,False
E001367,2026-01-08 08:44:50,S010,P0077,view_billing,WS-691,Hospital-LAN,False,normal,False
E001368,2026-01-08 08:47:16,S010,P0053,view_billing,WS-691,Hospital-LAN,False,normal,False
E001369,2026-01-08 08:48:39,S026,P0147,view_summary,WS-796,Hospital-LAN,False,normal,False
E001370,2026-01-08 08:55:28,S023,P0153,view_summary,WS-193,Hospital-LAN,False,normal,False
E001371,2026-01-08 09:00:19,S039,P0184,view_summary,WS-353,Hospital-LAN,False,normal,False
E001372,2026-01-08 09:00:31,S035,P0180,view_billing,WS-231,Hospital-LAN,False,normal,False
E001373,2026-01-08 09:00:45,S006,P0013,view_summary,WS-204,Hospital-LAN,False,normal,False
E001374,2026-01-08 09:01:49,S020,P0127,view_summary,WS-246,Hospital-LAN,False,normal,False
E001375,2026-01-08 09:04:49,S028,P0138,view_clinical_notes,WS-564,Hospital-LAN,False,normal,False
E001376,2026-01-08 09:05:03,S024,P0111,view_billing,WS-256,Hospital-LAN,False,normal,False
E001377,2026-01-08 09:07:53,S001,P0131,view_billing,WS-704,Hospital-LAN,False,normal,False
E001378,2026-01-08 09:07:58,S037,P0027,view_summary,WS-508,Hospital-LAN,True,legit_break_glass,False
E001379,2026-01-08 09:10:17,S019,P0029,view_billing,WS-505,Hospital-LAN,False,normal,False
E001380,2026-01-08 09:18:43,S000,P0132,view_clinical_notes,WS-242,Hospital-LAN,False,normal,False
E001381,2026-01-08 09:22:30,S029,P0033,view_summary,WS-619,Hospital-LAN,False,normal,False
E001382,2026-01-08 09:25:24,S004,P0113,view_clinical_notes,WS-928,Hospital-LAN,False,normal,False
E001383,2026-01-08 09:25:43,S012,P0123,view_summary,WS-384,Hospital-LAN,False,normal,False
E001384,2026-01-08 09:25:55,S000,P0146,view_summary,WS-242,Hospital-LAN,False,normal,False
E001385,2026-01-08 09:26:09,S008,P0038,view_billing,WS-649,Hospital-LAN,False,normal,False
E001386,2026-01-08 09:27:31,S030,P0052,view_summary,WS-961,Hospital-LAN,False,normal,False
E001387,2026-01-08 09:29:39,S006,P0129,view_summary,WS-204,Hospital-LAN,False,normal,False
E001388,2026-01-08 09:31:54,S004,P0115,view_clinical_notes,WS-928,Hospital-LAN,False,normal,False
E001389,2026-01-08 09:32:41,S029,P0098,view_clinical_notes,WS-619,Hospital-LAN,False,normal,False
E001390,2026-01-08 09:36:49,S008,P0026,view_billing,WS-649,Hospital-LAN,False,normal,False
E001391,2026-01-08 09:37:08,S025,P0174,view_summary,WS-494,Hospital-LAN,False,normal,False
E001392,2026-01-08 09:45:17,S035,P0037,view_billing,WS-231,Hospital-LAN,False,normal,False
E001393,2026-01-08 09:51:53,S033,P0020,view_summary,WS-159,Hospital-LAN,False,normal,False
E001394,2026-01-08 09:52:39,S025,P0155,view_clinical_notes,WS-494,Hospital-LAN,False,normal,False
E001395,2026-01-08 09:55:17,S025,P0147,view_clinical_notes,WS-494,Hospital-LAN,False,normal,False
E001396,2026-01-08 09:59:45,S038,P0137,view_summary,WS-548,Hospital-LAN,False,normal,False
E001397,2026-01-08 10:02:27,S008,P0021,view_billing,WS-649,Hospital-LAN,False,normal,False
E001398,2026-01-08 10:04:19,S016,P0161,view_summary,WS-801,Hospital-LAN,False,normal,False
E001399,2026-01-08 10:04:42,S027,P0003,view_billing,WS-887,Hospital-LAN,False,normal,False
E001400,2026-01-08 10:05:27,S020,P0181,view_summary,WS-246,Hospital-LAN,False,normal,False
E001401,2026-01-08 10:09:32,S024,P0033,view_billing,WS-256,Hospital-LAN,False,normal,False
E001402,2026-01-08 10:10:53,S027,P0005,view_billing,WS-887,Hospital-LAN,False,normal,False
E001403,2026-01-08 10:14:02,S031,P0117,view_summary,WS-880,Hospital-LAN,False,normal,False
E001404,2026-01-08 10:16:01,S031,P0117,view_summary,WS-880,Hospital-LAN,False,normal,False
E001405,2026-01-08 10:16:59,S025,P0147,view_summary,WS-494,Hospital-LAN,False,normal,False
E001406,2026-01-08 10:17:55,S031,P0166,view_summary,WS-880,Hospital-LAN,False,normal,False
E001407,2026-01-08 10:18:07,S027,P0140,view_billing,WS-887,Hospital-LAN,False,normal,False
E001408,2026-01-08 10:18:43,S010,P0066,view_billing,WS-691,Hospital-LAN,False,normal,False
E001409,2026-01-08 10:22:06,S000,P0147,view_summary,WS-242,Hospital-LAN,False,legit_shift_cover,False
E001410,2026-01-08 10:23:11,S028,P0050,view_summary,WS-564,Hospital-LAN,False,normal,False
E001411,2026-01-08 10:28:22,S027,P0047,view_billing,WS-887,Hospital-LAN,False,normal,False
E001412,2026-01-08 10:29:32,S011,P0148,view_summary,WS-891,Hospital-LAN,False,normal,False
E001413,2026-01-08 10:32:21,S038,P0072,view_summary,WS-548,Hospital-LAN,False,normal,False
E001414,2026-01-08 10:33:45,S039,P0125,view_summary,WS-353,Hospital-LAN,False,normal,False
E001415,2026-01-08 10:34:20,S006,P0086,view_summary,WS-204,Hospital-LAN,False,normal,False
E001416,2026-01-08 10:35:12,S025,P0160,view_summary,WS-494,Hospital-LAN,False,normal,False
E001417,2026-01-08 10:40:46,S029,P0113,view_summary,WS-619,Hospital-LAN,False,normal,False
E001418,2026-01-08 10:45:19,S020,P0008,view_summary,WS-246,Hospital-LAN,False,normal,False
E001419,2026-01-08 10:49:37,S015,P0199,view_summary,WS-376,Hospital-LAN,False,normal,False
E001420,2026-01-08 10:52:20,S002,P0194,view_clinical_notes,WS-617,Hospital-LAN,False,normal,False
E001421,2026-01-08 10:52:28,S020,P0156,view_summary,WS-246,Hospital-LAN,False,normal,False
E001422,2026-01-08 10:54:32,S026,P0147,view_clinical_notes,WS-796,Hospital-LAN,False,normal,False
E001423,2026-01-08 10:55:39,S037,P0185,view_summary,WS-508,Hospital-LAN,False,normal,False
E001424,2026-01-08 11:03:40,S026,P0183,view_clinical_notes,WS-796,Hospital-LAN,False,normal,False
E001425,2026-01-08 11:05:09,S013,P0000,view_clinical_notes,WS-463,Hospital-LAN,False,normal,False
E001426,2026-01-08 11:07:41,S037,P0016,view_summary,WS-508,Hospital-LAN,False,normal,False
E001427,2026-01-08 11:08:54,S020,P0182,view_summary,WS-246,Hospital-LAN,False,normal,False
E001428,2026-01-08 11:09:06,S002,P0002,view_clinical_notes,WS-617,Hospital-LAN,False,normal,False
E001429,2026-01-08 11:13:57,S004,P0192,view_clinical_notes,WS-928,Hospital-LAN,False,normal,False
E001430,2026-01-08 11:17:48,S005,P0185,view_summary,WS-814,Hospital-LAN,False,normal,False
E001431,2026-01-08 11:18:36,S023,P0103,view_summary,WS-193,Hospital-LAN,False,normal,False
E001432,2026-01-08 11:18:45,S031,P0068,view_summary,WS-880,Hospital-LAN,False,normal,False
E001433,2026-01-08 11:20:01,S013,P0013,view_summary,WS-463,Hospital-LAN,False,normal,False
E001434,2026-01-08 11:21:26,S013,P0077,view_clinical_notes,WS-463,Hospital-LAN,False,normal,False
E001435,2026-01-08 11:25:11,S032,P0188,view_summary,WS-600,Hospital-LAN,False,normal,False
E001436,2026-01-08 11:26:40,S001,P0164,view_billing,WS-704,Hospital-LAN,False,normal,False
E001437,2026-01-08 11:29:07,S002,P0068,view_clinical_notes,WS-617,Hospital-LAN,False,normal,False
E001438,2026-01-08 11:33:34,S015,P0126,view_summary,WS-376,Hospital-LAN,False,normal,False
E001439,2026-01-08 11:34:22,S016,P0144,view_summary,WS-801,Hospital-LAN,False,normal,False
E001440,2026-01-08 11:34:24,S026,P0169,view_clinical_notes,WS-796,Hospital-LAN,False,normal,False
E001441,2026-01-08 11:36:26,S001,P0049,view_billing,WS-704,Hospital-LAN,False,normal,False
E001442,2026-01-08 11:36:46,S017,P0170,view_clinical_notes,WS-924,Hospital-LAN,False,normal,False
E001443,2026-01-08 11:42:28,S017,P0146,view_summary,WS-924,Hospital-LAN,False,normal,False
E001444,2026-01-08 11:44:06,S039,P0141,view_summary,WS-353,Hospital-LAN,False,normal,False
E001445,2026-01-08 11:46:05,S026,P0183,view_clinical_notes,WS-796,Hospital-LAN,False,normal,False
E001446,2026-01-08 11:48:10,S002,P0105,view_clinical_notes,WS-617,Hospital-LAN,False,normal,False
E001447,2026-01-08 11:48:31,S011,P0060,view_summary,WS-891,Hospital-LAN,False,normal,False
E001448,2026-01-08 11:49:29,S033,P0121,view_clinical_notes,WS-159,Hospital-LAN,False,normal,False
E001449,2026-01-08 11:52:40,S008,P0038,view_billing,WS-649,Hospital-LAN,False,normal,False
E001450,2026-01-08 11:53:35,S038,P0174,view_summary,WS-548,Hospital-LAN,False,normal,False
E001451,2026-01-08 12:02:40,S031,P0013,view_clinical_notes,WS-880,Hospital-LAN,False,normal,False
E001452,2026-01-08 12:02:59,S004,P0019,view_clinical_notes,WS-928,Hospital-LAN,False,normal,False
E001453,2026-01-08 12:02:59,S011,P0073,view_clinical_notes,WS-891,Hospital-LAN,False,legit_referral,False
E001454,2026-01-08 12:04:24,S012,P0069,view_summary,WS-384,Hospital-LAN,False,normal,False
E001455,2026-01-08 12:05:19,S006,P0005,view_summary,WS-204,Hospital-LAN,False,normal,False
E001456,2026-01-08 12:05:33,S032,P0113,view_summary,WS-600,Hospital-LAN,False,normal,False
E001457,2026-01-08 12:07:09,S032,P0017,view_summary,WS-600,Hospital-LAN,False,normal,False
E001458,2026-01-08 12:07:11,S005,P0098,view_summary,WS-814,Hospital-LAN,False,normal,False
E001459,2026-01-08 12:08:22,S035,P0074,view_billing,WS-231,Hospital-LAN,False,normal,False
E001460,2026-01-08 12:08:45,S013,P0096,view_summary,WS-463,Hospital-LAN,False,normal,False
E001461,2026-01-08 12:09:10,S016,P0072,view_summary,WS-801,Hospital-LAN,False,normal,False
E001462,2026-01-08 12:09:33,S017,P0176,view_clinical_notes,WS-924,Hospital-LAN,False,normal,False
E001463,2026-01-08 12:09:45,S016,P0074,view_summary,WS-801,Hospital-LAN,False,normal,False
E001464,2026-01-08 12:12:04,S019,P0006,view_billing,WS-505,Hospital-LAN,False,normal,False
E001465,2026-01-08 12:13:49,S000,P0013,view_clinical_notes,WS-242,Hospital-LAN,False,normal,False
E001466,2026-01-08 12:15:19,S001,P0032,view_billing,WS-704,Hospital-LAN,False,normal,False
E001467,2026-01-08 12:20:07,S000,P0000,view_clinical_notes,WS-242,Hospital-LAN,False,normal,False
E001468,2026-01-08 12:22:06,S030,P0002,view_summary,WS-961,Hospital-LAN,False,normal,False
E001469,2026-01-08 12:22:29,S031,P0179,view_clinical_notes,WS-880,Hospital-LAN,False,family_snooping,True
E001470,2026-01-08 12:23:14,S011,P0016,view_summary,WS-891,Hospital-LAN,False,normal,False
E001471,2026-01-08 12:25:42,S022,P0097,view_summary,WS-324,Hospital-LAN,False,normal,False
E001472,2026-01-08 12:26:43,S019,P0142,view_billing,WS-505,Hospital-LAN,False,normal,False
E001473,2026-01-08 12:27:00,S001,P0162,view_billing,WS-704,Hospital-LAN,False,normal,False
E001474,2026-01-08 12:28:25,S015,P0079,view_clinical_notes,WS-376,Hospital-LAN,False,normal,False
E001475,2026-01-08 12:30:09,S038,P0128,view_summary,WS-548,Hospital-LAN,False,normal,False
E001476,2026-01-08 12:30:47,S017,P0196,view_summary,WS-924,Hospital-LAN,False,normal,False
E001477,2026-01-08 12:33:29,S008,P0004,view_billing,WS-649,Hospital-LAN,False,normal,False
E001478,2026-01-08 12:37:31,S024,P0167,view_billing,WS-256,Hospital-LAN,False,normal,False
E001479,2026-01-08 12:42:47,S006,P0132,view_summary,WS-204,Hospital-LAN,False,normal,False
E001480,2026-01-08 12:42:55,S005,P0129,view_summary,WS-814,Hospital-LAN,False,normal,False
E001481,2026-01-08 12:44:27,S006,P0146,view_summary,WS-204,Hospital-LAN,False,normal,False
E001482,2026-01-08 12:44:38,S029,P0033,view_clinical_notes,WS-619,Hospital-LAN,False,normal,False
E001483,2026-01-08 12:47:13,S028,P0126,view_clinical_notes,WS-564,Hospital-LAN,False,normal,False
E001484,2026-01-08 12:49:29,S023,P0038,view_summary,WS-193,Hospital-LAN,False,normal,False
E001485,2026-01-08 12:52:58,S039,P0112,view_summary,WS-353,Hospital-LAN,False,normal,False
E001486,2026-01-08 12:56:54,S010,P0111,view_billing,WS-691,Hospital-LAN,False,normal,False
E001487,2026-01-08 12:59:59,S030,P0169,view_summary,WS-961,Hospital-LAN,False,normal,False
E001488,2026-01-08 13:00:06,S023,P0166,view_summary,WS-193,Hospital-LAN,False,normal,False
E001489,2026-01-08 13:00:39,S030,P0121,view_summary,WS-961,Hospital-LAN,False,normal,False
E001490,2026-01-08 13:01:13,S004,P0147,view_summary,WS-928,Hospital-LAN,False,normal,False
E001491,2026-01-08 13:03:40,S031,P0170,view_summary,WS-880,Hospital-LAN,False,normal,False
E001492,2026-01-08 13:03:56,S031,P0185,view_summary,WS-880,Hospital-LAN,False,legit_shift_cover,False
E001493,2026-01-08 13:05:09,S017,P0129,view_summary,WS-924,Hospital-LAN,False,normal,False
E001494,2026-01-08 13:05:45,S031,P0193,view_clinical_notes,WS-880,Hospital-LAN,False,normal,False
E001495,2026-01-08 13:05:53,S013,P0162,view_summary,WS-463,Hospital-LAN,False,normal,False
E001496,2026-01-08 13:06:03,S039,P0164,view_summary,WS-353,Hospital-LAN,False,normal,False
E001497,2026-01-08 13:12:12,S016,P0075,view_summary,WS-801,Hospital-LAN,False,normal,False
E001498,2026-01-08 13:13:57,S012,P0090,view_summary,WS-384,Hospital-LAN,False,normal,False
E001499,2026-01-08 13:14:46,S031,P0196,view_clinical_notes,WS-880,Hospital-LAN,False,normal,False
E001500,2026-01-08 13:20:12,S005,P0121,view_summary,WS-814,Hospital-LAN,False,normal,False
E001501,2026-01-08 13:22:54,S005,P0121,view_summary,WS-814,Hospital-LAN,False,normal,False
E001502,2026-01-08 13:25:14,S011,P0165,view_clinical_notes,WS-891,Hospital-LAN,False,normal,False
E001503,2026-01-08 13:26:11,S039,P0039,view_summary,WS-353,Hospital-LAN,False,normal,False
E001504,2026-01-08 13:26:22,S012,P0189,view_summary,WS-384,Hospital-LAN,False,normal,False
E001505,2026-01-08 13:29:44,S013,P0166,view_summary,WS-463,Hospital-LAN,False,normal,False
E001506,2026-01-08 13:32:35,S002,P0009,view_clinical_notes,WS-617,Hospital-LAN,False,normal,False
E001507,2026-01-08 13:36:18,S024,P0011,view_billing,WS-256,Hospital-LAN,False,normal,False
E001508,2026-01-08 13:36:27,S000,P0118,view_clinical_notes,WS-242,Hospital-LAN,False,normal,False
E001509,2026-01-08 13:38:09,S002,P0082,view_clinical_notes,WS-617,Hospital-LAN,False,normal,False
E001510,2026-01-08 13:38:27,S026,P0155,view_summary,WS-796,Hospital-LAN,False,normal,False
E001511,2026-01-08 13:39:49,S039,P0106,view_summary,WS-353,Hospital-LAN,False,normal,False
E001512,2026-01-08 13:40:00,S039,P0051,view_summary,WS-353,Hospital-LAN,False,normal,False
E001513,2026-01-08 13:42:47,S027,P0122,view_billing,WS-887,Hospital-LAN,False,normal,False
E001514,2026-01-08 13:42:53,S035,P0001,view_billing,WS-231,Hospital-LAN,False,normal,False
E001515,2026-01-08 13:58:46,S008,P0018,view_billing,WS-649,Hospital-LAN,False,normal,False
E001516,2026-01-08 14:01:07,S023,P0044,view_summary,WS-193,Hospital-LAN,False,normal,False
E001517,2026-01-08 14:01:29,S000,P0194,view_summary,WS-242,Hospital-LAN,False,normal,False
E001518,2026-01-08 14:10:03,S032,P0183,view_clinical_notes,WS-600,Hospital-LAN,False,normal,False
E001519,2026-01-08 14:23:32,S011,P0004,view_summary,WS-891,Hospital-LAN,False,normal,False
E001520,2026-01-08 14:23:34,S006,P0132,view_summary,WS-204,Hospital-LAN,False,normal,False
E001521,2026-01-08 14:26:20,S015,P0143,view_summary,WS-376,Hospital-LAN,False,normal,False
E001522,2026-01-08 14:26:22,S033,P0095,view_clinical_notes,WS-159,Hospital-LAN,False,normal,False
E001523,2026-01-08 14:32:18,S006,P0130,view_clinical_notes,WS-204,Hospital-LAN,False,normal,False
E001524,2026-01-08 14:35:25,S008,P0145,view_billing,WS-649,Hospital-LAN,False,normal,False
E001525,2026-01-08 14:37:58,S035,P0021,view_billing,WS-231,Hospital-LAN,False,normal,False
E001526,2026-01-08 14:38:03,S000,P0000,view_summary,WS-242,Hospital-LAN,False,normal,False
E001527,2026-01-08 14:39:47,S015,P0199,view_summary,WS-376,Hospital-LAN,False,normal,False
E001528,2026-01-08 14:43:45,S017,P0086,view_clinical_notes,WS-924,Hospital-LAN,False,normal,False
E001529,2026-01-08 14:43:53,S029,P0033,view_summary,WS-619,Hospital-LAN,False,normal,False
E001530,2026-01-08 14:44:19,S027,P0116,view_billing,WS-887,Hospital-LAN,False,normal,False
E001531,2026-01-08 14:44:25,S006,P0005,view_summary,WS-204,Hospital-LAN,False,normal,False
E001532,2026-01-08 14:48:01,S026,P0080,view_summary,WS-796,Hospital-LAN,False,vip_snooping,True
E001533,2026-01-08 14:49:28,S013,P0057,view_summary,WS-463,Hospital-LAN,False,normal,False
E001534,2026-01-08 14:50:43,S010,P0083,view_billing,WS-691,Hospital-LAN,False,normal,False
E001535,2026-01-08 14:53:00,S013,P0009,view_summary,WS-463,Hospital-LAN,False,normal,False
E001536,2026-01-08 14:54:31,S023,P0193,view_summary,WS-193,Hospital-LAN,False,normal,False
E001537,2026-01-08 14:55:30,S001,P0012,view_billing,WS-704,Hospital-LAN,False,normal,False
E001538,2026-01-08 14:55:39,S002,P0094,view_summary,WS-617,Hospital-LAN,False,normal,False
E001539,2026-01-08 15:02:13,S035,P0074,view_billing,WS-231,Hospital-LAN,False,normal,False
E001540,2026-01-08 15:04:05,S027,P0144,view_billing,WS-887,Hospital-LAN,False,normal,False
E001541,2026-01-08 15:04:44,S002,P0002,view_summary,WS-617,Hospital-LAN,False,normal,False
E001542,2026-01-08 15:07:58,S020,P0066,view_summary,WS-246,Hospital-LAN,False,normal,False
E001543,2026-01-08 15:08:14,S037,P0184,view_summary,WS-508,Hospital-LAN,False,normal,False
E001544,2026-01-08 15:09:55,S019,P0054,view_billing,WS-505,Hospital-LAN,False,normal,False
E001545,2026-01-08 15:10:11,S011,P0164,view_summary,WS-891,Hospital-LAN,False,normal,False
E001546,2026-01-08 15:10:27,S015,P0075,view_summary,WS-376,Hospital-LAN,False,normal,False
E001547,2026-01-08 15:11:10,S008,P0056,view_billing,WS-649,Hospital-LAN,False,normal,False
E001548,2026-01-08 15:11:16,S037,P0065,view_clinical_notes,WS-508,Hospital-LAN,False,normal,False
E001549,2026-01-08 15:11:32,S028,P0046,view_clinical_notes,WS-564,Hospital-LAN,False,normal,False
E001550,2026-01-08 15:13:28,S024,P0020,view_billing,WS-256,Hospital-LAN,False,normal,False
E001551,2026-01-08 15:13:59,S039,P0087,view_summary,WS-353,Hospital-LAN,False,normal,False
E001552,2026-01-08 15:17:44,S013,P0129,view_clinical_notes,WS-463,Hospital-LAN,False,normal,False
E001553,2026-01-08 15:18:04,S035,P0077,view_billing,WS-231,Hospital-LAN,False,normal,False
E001554,2026-01-08 15:22:26,S019,P0116,view_billing,WS-505,Hospital-LAN,False,normal,False
E001555,2026-01-08 15:26:30,S002,P0096,view_summary,WS-617,Hospital-LAN,False,normal,False
E001556,2026-01-08 15:27:23,S033,P0036,view_summary,WS-159,Hospital-LAN,False,normal,False
E001557,2026-01-08 15:43:09,S035,P0137,view_billing,WS-231,Hospital-LAN,False,normal,False
E001558,2026-01-08 15:44:03,S027,P0167,view_billing,WS-887,Hospital-LAN,False,normal,False
E001559,2026-01-08 15:44:59,S024,P0129,view_billing,WS-256,Hospital-LAN,False,normal,False
E001560,2026-01-08 15:47:48,S033,P0134,view_summary,WS-159,Hospital-LAN,False,normal,False
E001561,2026-01-08 15:48:26,S017,P0162,view_clinical_notes,WS-924,Hospital-LAN,False,normal,False
E001562,2026-01-08 15:49:04,S006,P0000,view_summary,WS-204,Hospital-LAN,False,normal,False
E001563,2026-01-08 15:56:02,S016,P0027,view_summary,WS-801,Hospital-LAN,False,normal,False
E001564,2026-01-08 15:57:39,S030,P0128,view_summary,WS-961,Hospital-LAN,False,normal,False
E001565,2026-01-08 15:58:22,S022,P0159,view_summary,WS-324,Hospital-LAN,False,normal,False
E001566,2026-01-08 16:01:11,S013,P0009,view_clinical_notes,WS-463,Hospital-LAN,False,normal,False
E001567,2026-01-08 16:02:22,S010,P0118,view_billing,WS-691,Hospital-LAN,False,normal,False
E001568,2026-01-08 16:02:37,S022,P0047,view_summary,WS-324,Hospital-LAN,False,normal,False
E001569,2026-01-08 16:03:03,S022,P0088,view_summary,WS-324,Hospital-LAN,False,normal,False
E001570,2026-01-08 16:06:01,S010,P0100,view_billing,WS-691,Hospital-LAN,False,normal,False
E001571,2026-01-08 16:06:28,S015,P0150,view_summary,WS-376,Hospital-LAN,False,normal,False
E001572,2026-01-08 16:18:50,S026,P0032,view_clinical_notes,WS-796,Hospital-LAN,False,normal,False
E001573,2026-01-08 16:20:49,S016,P0115,view_summary,WS-801,Hospital-LAN,False,normal,False
E001574,2026-01-08 16:23:04,S001,P0138,view_billing,WS-704,Hospital-LAN,False,normal,False
E001575,2026-01-08 16:24:33,S015,P0034,view_summary,WS-376,Hospital-LAN,False,normal,False
E001576,2026-01-08 16:27:24,S033,P0085,view_clinical_notes,WS-159,Hospital-LAN,False,normal,False
E001577,2026-01-08 16:28:03,S016,P0034,view_summary,WS-801,Hospital-LAN,False,normal,False
E001578,2026-01-08 16:30:11,S013,P0037,view_clinical_notes,WS-463,Hospital-LAN,False,normal,False
E001579,2026-01-08 16:32:57,S030,P0041,view_summary,WS-961,Hospital-LAN,False,normal,False
E001580,2026-01-08 16:34:41,S039,P0173,view_summary,WS-353,Hospital-LAN,False,normal,False
E001581,2026-01-08 16:36:42,S004,P0017,view_summary,WS-928,Hospital-LAN,False,normal,False
E001582,2026-01-08 16:41:21,S019,P0108,view_billing,WS-505,Hospital-LAN,False,normal,False
E001583,2026-01-08 16:42:19,S000,P0002,view_summary,WS-242,Hospital-LAN,False,normal,False
E001584,2026-01-08 16:45:02,S037,P0171,view_summary,WS-508,Hospital-LAN,False,normal,False
E001585,2026-01-08 16:45:14,S000,P0111,view_clinical_notes,WS-242,Hospital-LAN,False,normal,False
E001586,2026-01-08 16:45:53,S032,P0087,view_clinical_notes,WS-600,Hospital-LAN,False,normal,False
E001587,2026-01-08 16:46:50,S025,P0087,view_summary,WS-494,Hospital-LAN,False,normal,False
E001588,2026-01-08 16:48:21,S033,P0020,view_summary,WS-159,Hospital-LAN,False,normal,False
E001589,2026-01-08 16:50:50,S010,P0183,view_billing,WS-691,Hospital-LAN,False,normal,False
E001590,2026-01-08 16:58:50,S011,P0119,view_clinical_notes,WS-891,Hospital-LAN,False,normal,False
E001591,2026-01-08 16:59:11,S012,P0177,view_clinical_notes,WS-384,Hospital-LAN,False,normal,False
E001592,2026-01-08 17:06:51,S005,P0141,view_summary,WS-814,Hospital-LAN,False,normal,False
E001593,2026-01-08 17:10:04,S039,P0092,view_summary,WS-353,Hospital-LAN,False,normal,False
E001594,2026-01-08 17:24:39,S005,P0103,view_summary,WS-814,Hospital-LAN,False,normal,False
E001595,2026-01-08 17:24:55,S038,P0058,view_summary,WS-548,Hospital-LAN,False,normal,False
E001596,2026-01-08 17:26:40,S039,P0160,view_summary,WS-353,Hospital-LAN,False,vip_snooping,True
E001597,2026-01-08 17:35:42,S035,P0043,view_billing,WS-231,Hospital-LAN,False,normal,False
E001598,2026-01-08 17:42:44,S019,P0139,view_billing,WS-505,Hospital-LAN,False,normal,False
E001599,2026-01-08 17:43:10,S011,P0148,view_summary,WS-891,Hospital-LAN,False,normal,False
E001600,2026-01-08 17:48:11,S032,P0140,view_summary,WS-600,Hospital-LAN,False,normal,False
E001601,2026-01-08 17:52:13,S028,P0058,view_summary,WS-564,Hospital-LAN,False,normal,False
E001602,2026-01-08 17:54:06,S004,P0195,view_summary,WS-928,Hospital-LAN,False,normal,False
E001603,2026-01-08 17:54:26,S024,P0029,view_billing,WS-256,Hospital-LAN,False,normal,False
E001604,2026-01-08 17:55:43,S010,P0194,view_billing,WS-691,Hospital-LAN,False,normal,False
E001605,2026-01-08 18:01:39,S033,P0103,view_summary,WS-159,Hospital-LAN,False,normal,False
E001606,2026-01-08 18:08:20,S005,P0031,view_summary,WS-814,Hospital-LAN,False,normal,False
E001607,2026-01-08 18:13:45,S022,P0101,view_summary,WS-324,Hospital-LAN,False,normal,False
E001608,2026-01-08 18:15:52,S031,P0037,view_summary,WS-880,Hospital-LAN,False,normal,False
E001609,2026-01-08 18:18:44,S033,P0134,view_summary,WS-159,Hospital-LAN,False,normal,False
E001610,2026-01-08 18:18:46,S028,P0141,view_summary,WS-564,Hospital-LAN,False,normal,False
E001611,2026-01-08 18:18:54,S033,P0103,view_summary,WS-159,Hospital-LAN,False,normal,False
E001612,2026-01-08 18:28:05,S015,P0187,view_summary,WS-376,Hospital-LAN,False,normal,False
E001613,2026-01-08 18:28:32,S033,P0131,view_summary,WS-159,Hospital-LAN,False,normal,False
E001614,2026-01-08 18:32:36,S001,P0063,view_billing,WS-704,Hospital-LAN,False,normal,False
E001615,2026-01-08 18:32:55,S037,P0128,view_clinical_notes,WS-508,Hospital-LAN,False,normal,False
E001616,2026-01-08 18:33:25,S024,P0154,view_billing,WS-256,Hospital-LAN,False,normal,False
E001617,2026-01-08 18:36:49,S028,P0100,view_summary,WS-564,Hospital-LAN,False,normal,False
E001618,2026-01-08 18:39:04,S026,P0033,view_clinical_notes,WS-796,Hospital-LAN,False,normal,False
E001619,2026-01-08 18:40:00,S038,P0064,view_summary,WS-548,Hospital-LAN,False,normal,False
E001620,2026-01-08 18:41:50,S019,P0086,view_billing,WS-505,Hospital-LAN,False,normal,False
E001621,2026-01-08 18:42:03,S025,P0018,view_summary,WS-494,Hospital-LAN,True,legit_break_glass,False
E001622,2026-01-08 18:45:03,S002,P0093,view_summary,WS-617,Hospital-LAN,True,legit_break_glass,False
E001623,2026-01-08 18:45:51,S005,P0078,view_summary,WS-814,Hospital-LAN,False,normal,False
E001624,2026-01-08 18:47:32,S038,P0177,view_summary,WS-548,Hospital-LAN,False,normal,False
E001625,2026-01-08 18:48:32,S026,P0110,view_clinical_notes,WS-796,Hospital-LAN,False,normal,False
E001626,2026-01-08 18:50:54,S029,P0032,view_clinical_notes,WS-619,Hospital-LAN,False,normal,False
E001627,2026-01-08 18:56:05,S038,P0136,view_summary,WS-548,Hospital-LAN,False,normal,False
E001628,2026-01-08 18:58:45,S025,P0110,view_summary,WS-494,Hospital-LAN,False,normal,False
E001629,2026-01-08 19:02:57,S027,P0177,view_billing,WS-887,Hospital-LAN,False,normal,False
E001630,2026-01-08 19:08:26,S031,P0193,view_clinical_notes,WS-880,Hospital-LAN,False,normal,False
E001631,2026-01-08 19:10:35,S024,P0097,view_billing,WS-256,Hospital-LAN,False,normal,False
E001632,2026-01-08 19:11:25,S030,P0093,view_summary,WS-961,Hospital-LAN,False,normal,False
E001633,2026-01-08 19:12:15,S012,P0074,view_clinical_notes,WS-384,Hospital-LAN,False,normal,False
E001634,2026-01-08 19:13:25,S032,P0151,view_summary,WS-600,Hospital-LAN,False,normal,False
E001635,2026-01-08 19:13:29,S024,P0125,view_billing,WS-256,Hospital-LAN,False,normal,False
E001636,2026-01-08 19:14:14,S025,P0136,view_clinical_notes,WS-494,Hospital-LAN,False,normal,False
E001637,2026-01-08 19:14:19,S020,P0033,view_summary,WS-246,Hospital-LAN,False,normal,False
E001638,2026-01-08 19:14:27,S032,P0198,view_summary,WS-600,Hospital-LAN,False,normal,False
E001639,2026-01-08 19:15:31,S017,P0021,view_summary,WS-924,Hospital-LAN,False,normal,False
E001640,2026-01-08 19:16:16,S037,P0007,view_clinical_notes,WS-508,Hospital-LAN,False,normal,False
E001641,2026-01-08 19:21:28,S032,P0183,view_summary,WS-600,Hospital-LAN,False,normal,False
E001642,2026-01-08 19:27:11,S000,P0013,view_clinical_notes,WS-242,Hospital-LAN,False,normal,False
E001643,2026-01-08 19:28:08,S027,P0124,view_billing,WS-887,Hospital-LAN,False,normal,False
E001644,2026-01-08 19:29:08,S024,P0185,view_billing,WS-256,Hospital-LAN,False,normal,False
E001645,2026-01-08 19:29:30,S032,P0098,view_clinical_notes,WS-600,Hospital-LAN,False,normal,False
E001646,2026-01-08 19:31:13,S005,P0160,view_summary,WS-814,Hospital-LAN,False,vip_snooping,True
E001647,2026-01-08 19:31:18,S038,P0034,view_summary,WS-548,Hospital-LAN,False,normal,False
E001648,2026-01-08 19:33:57,S015,P0052,view_clinical_notes,WS-376,Hospital-LAN,False,normal,False
E001649,2026-01-08 19:38:16,S022,P0019,view_summary,WS-324,Hospital-LAN,False,normal,False
E001650,2026-01-08 19:40:26,S000,P0077,view_summary,WS-242,Hospital-LAN,False,normal,False
E001651,2026-01-08 19:40:36,S030,P0103,view_summary,WS-961,Hospital-LAN,False,normal,False
E001652,2026-01-08 19:41:00,S029,P0110,view_summary,WS-619,Hospital-LAN,False,normal,False
E001653,2026-01-08 19:41:35,S010,P0102,view_billing,WS-691,Hospital-LAN,False,normal,False
E001654,2026-01-08 19:42:03,S010,P0100,view_billing,WS-691,Hospital-LAN,False,normal,False
E001655,2026-01-08 19:43:59,S012,P0047,view_clinical_notes,WS-384,Hospital-LAN,False,normal,False
E001656,2026-01-08 19:44:20,S038,P0010,view_summary,WS-548,Hospital-LAN,False,normal,False
E001657,2026-01-08 19:44:28,S023,P0128,view_summary,WS-193,Hospital-LAN,False,normal,False
E001658,2026-01-08 19:46:30,S011,P0109,view_summary,WS-891,Hospital-LAN,False,normal,False
E001659,2026-01-08 19:46:33,S031,P0068,view_clinical_notes,WS-880,Hospital-LAN,False,normal,False
E001660,2026-01-08 19:50:42,S029,P0160,view_summary,WS-619,Hospital-LAN,False,normal,False
E001661,2026-01-08 19:53:16,S012,P0074,view_clinical_notes,WS-384,Hospital-LAN,False,normal,False
E001662,2026-01-08 19:55:22,S002,P0086,view_summary,WS-617,Hospital-LAN,False,normal,False
E001663,2026-01-08 20:05:17,S007,P0097,view_summary,WS-370,Hospital-LAN,False,normal,False
E001664,2026-01-08 20:37:32,S009,P0043,view_summary,WS-400,Hospital-LAN,False,normal,False
E001665,2026-01-08 20:44:07,S009,P0158,view_clinical_notes,WS-400,Hospital-LAN,False,normal,False
E001666,2026-01-08 20:46:51,S014,P0147,view_clinical_notes,WS-275,Hospital-LAN,False,normal,False
E001667,2026-01-08 20:51:30,S007,P0116,view_clinical_notes,WS-370,Hospital-LAN,False,normal,False
E001668,2026-01-08 20:53:35,S003,P0148,view_summary,WS-818,Hospital-LAN,False,normal,False
E001669,2026-01-08 21:31:38,S018,P0166,view_summary,WS-997,Hospital-LAN,False,normal,False
E001670,2026-01-08 21:49:03,S014,P0198,view_clinical_notes,WS-275,Hospital-LAN,False,normal,False
E001671,2026-01-08 21:51:12,S018,P0094,view_clinical_notes,WS-997,Hospital-LAN,False,normal,False
E001672,2026-01-08 21:55:49,S014,P0084,view_summary,WS-275,Hospital-LAN,False,normal,False
E001673,2026-01-08 21:56:46,S021,P0082,view_summary,WS-538,Hospital-LAN,True,legit_break_glass,False
E001674,2026-01-08 22:13:44,S009,P0003,view_clinical_notes,WS-400,Hospital-LAN,False,normal,False
E001675,2026-01-08 22:34:36,S007,P0172,view_clinical_notes,WS-370,Hospital-LAN,False,legit_referral,False
E001676,2026-01-08 22:38:20,S034,P0149,view_summary,WS-597,Hospital-LAN,False,normal,False
E001677,2026-01-08 23:02:51,S036,P0030,view_summary,WS-993,Hospital-LAN,False,normal,False
E001678,2026-01-08 23:08:30,S003,P0049,view_clinical_notes,WS-818,Hospital-LAN,False,normal,False
E001679,2026-01-08 23:10:58,S009,P0152,view_summary,WS-400,Hospital-LAN,False,normal,False
E001680,2026-01-08 23:12:47,S036,P0036,view_clinical_notes,WS-993,Hospital-LAN,False,normal,False
E001681,2026-01-08 23:14:46,S009,P0035,view_summary,WS-400,Hospital-LAN,False,normal,False
E001682,2026-01-08 23:26:25,S021,P0064,view_clinical_notes,WS-538,Hospital-LAN,False,normal,False
E001683,2026-01-08 23:39:47,S021,P0031,view_summary,WS-538,Hospital-LAN,False,normal,False
E001684,2026-01-08 23:53:13,S036,P0131,view_clinical_notes,WS-993,Hospital-LAN,False,normal,False
E001685,2026-01-09 00:21:44,S034,P0149,view_clinical_notes,WS-597,Hospital-LAN,False,normal,False
E001686,2026-01-09 00:29:03,S009,P0024,view_summary,WS-400,Hospital-LAN,False,normal,False
E001687,2026-01-09 00:41:14,S009,P0172,view_clinical_notes,WS-400,Hospital-LAN,False,normal,False
E001688,2026-01-09 00:43:38,S021,P0061,view_clinical_notes,WS-538,Hospital-LAN,False,normal,False
E001689,2026-01-09 00:59:53,S036,P0078,view_clinical_notes,WS-993,Hospital-LAN,False,normal,False
E001690,2026-01-09 01:04:55,S036,P0036,view_clinical_notes,WS-993,Hospital-LAN,False,normal,False
E001691,2026-01-09 01:15:00,S009,P0003,view_summary,WS-400,Hospital-LAN,False,normal,False
E001692,2026-01-09 01:23:36,S009,P0141,view_clinical_notes,WS-400,Hospital-LAN,False,legit_referral,False
E001693,2026-01-09 01:24:55,S018,P0118,view_clinical_notes,WS-997,Hospital-LAN,False,low_slow_in_ward,True
E001694,2026-01-09 01:26:00,S018,P0117,view_summary,WS-997,Hospital-LAN,False,normal,False
E001695,2026-01-09 01:29:09,S021,P0061,view_summary,WS-538,Hospital-LAN,False,normal,False
E001696,2026-01-09 01:32:44,S014,P0084,view_summary,WS-275,Hospital-LAN,False,normal,False
E001697,2026-01-09 01:45:26,S009,P0104,view_summary,WS-400,Hospital-LAN,False,normal,False
E001698,2026-01-09 01:55:53,S021,P0028,view_summary,WS-538,Hospital-LAN,False,normal,False
E001699,2026-01-09 01:58:37,S007,P0006,view_clinical_notes,WS-370,Hospital-LAN,False,normal,False
E001700,2026-01-09 02:17:52,S021,P0081,view_summary,WS-538,Hospital-LAN,False,normal,False
E001701,2026-01-09 02:18:50,S014,P0113,view_summary,WS-275,Hospital-LAN,False,normal,False
E001702,2026-01-09 02:28:55,S003,P0120,view_clinical_notes,WS-818,Hospital-LAN,False,normal,False
E001703,2026-01-09 02:39:03,S036,P0121,view_summary,WS-993,Hospital-LAN,False,normal,False
E001704,2026-01-09 02:41:36,S014,P0076,view_summary,WS-275,Hospital-LAN,False,normal,False
E001705,2026-01-09 02:44:51,S018,P0166,view_clinical_notes,WS-997,Hospital-LAN,False,normal,False
E001706,2026-01-09 03:08:32,S003,P0125,view_clinical_notes,WS-818,Hospital-LAN,False,normal,False
E001707,2026-01-09 03:27:40,S036,P0097,view_summary,WS-993,Hospital-LAN,False,normal,False
E001708,2026-01-09 03:34:19,S007,P0036,view_clinical_notes,WS-370,Hospital-LAN,False,normal,False
E001709,2026-01-09 03:39:05,S018,P0130,view_clinical_notes,WS-997,Hospital-LAN,False,normal,False
E001710,2026-01-09 03:54:41,S034,P0027,view_clinical_notes,WS-597,Hospital-LAN,False,normal,False
E001711,2026-01-09 04:00:59,S034,P0011,view_clinical_notes,WS-597,Hospital-LAN,False,normal,False
E001712,2026-01-09 04:02:20,S014,P0142,view_summary,WS-275,Hospital-LAN,False,normal,False
E001713,2026-01-09 04:09:10,S003,P0091,view_clinical_notes,WS-818,Hospital-LAN,False,normal,False
E001714,2026-01-09 04:25:16,S014,P0019,view_clinical_notes,WS-275,Hospital-LAN,False,normal,False
E001715,2026-01-09 04:27:49,S014,P0169,view_summary,WS-275,Hospital-LAN,False,normal,False
E001716,2026-01-09 04:28:26,S018,P0057,view_summary,WS-997,Hospital-LAN,False,normal,False
E001717,2026-01-09 04:46:39,S009,P0027,view_clinical_notes,WS-400,Hospital-LAN,False,normal,False
E001718,2026-01-09 05:03:25,S034,P0112,view_clinical_notes,WS-597,Hospital-LAN,False,normal,False
E001719,2026-01-09 05:03:35,S003,P0133,view_clinical_notes,WS-818,Hospital-LAN,False,normal,False
E001720,2026-01-09 05:04:02,S003,P0127,view_clinical_notes,WS-818,Hospital-LAN,False,normal,False
E001721,2026-01-09 05:05:08,S036,P0186,view_clinical_notes,WS-993,Hospital-LAN,False,normal,False
E001722,2026-01-09 05:06:01,S034,P0069,view_summary,WS-597,Hospital-LAN,False,normal,False
E001723,2026-01-09 05:12:49,S009,P0088,view_summary,WS-400,Hospital-LAN,False,normal,False
E001724,2026-01-09 05:12:51,S007,P0030,view_clinical_notes,WS-370,Hospital-LAN,False,normal,False
E001725,2026-01-09 05:34:21,S036,P0006,view_summary,WS-993,Hospital-LAN,False,normal,False
E001726,2026-01-09 05:36:09,S007,P0131,view_summary,WS-370,Hospital-LAN,False,normal,False
E001727,2026-01-09 05:36:32,S014,P0019,view_summary,WS-275,Hospital-LAN,False,normal,False
E001728,2026-01-09 05:44:02,S018,P0129,view_summary,WS-997,Hospital-LAN,False,normal,False
E001729,2026-01-09 05:44:08,S009,P0158,view_summary,WS-400,Hospital-LAN,False,normal,False
E001730,2026-01-09 05:46:40,S021,P0026,view_summary,WS-538,Hospital-LAN,False,normal,False
E001731,2026-01-09 05:54:51,S007,P0097,view_clinical_notes,WS-370,Hospital-LAN,False,normal,False
E001732,2026-01-09 06:28:42,S034,P0027,view_summary,WS-597,Hospital-LAN,False,normal,False
E001733,2026-01-09 06:34:51,S021,P0181,view_clinical_notes,WS-538,Hospital-LAN,False,normal,False
E001734,2026-01-09 06:46:41,S003,P0125,view_clinical_notes,WS-818,Hospital-LAN,False,normal,False
E001735,2026-01-09 06:48:19,S021,P0127,view_clinical_notes,WS-538,Hospital-LAN,False,normal,False
E001736,2026-01-09 06:52:47,S021,P0133,view_clinical_notes,WS-538,Hospital-LAN,False,normal,False
E001737,2026-01-09 08:00:01,S033,P0030,view_clinical_notes,WS-159,Hospital-LAN,False,normal,False
E001738,2026-01-09 08:03:18,S002,P0105,view_clinical_notes,WS-617,Hospital-LAN,False,normal,False
E001739,2026-01-09 08:03:49,S027,P0099,view_billing,WS-887,Hospital-LAN,False,normal,False
E001740,2026-01-09 08:07:35,S024,P0092,view_billing,WS-256,Hospital-LAN,False,normal,False
E001741,2026-01-09 08:09:22,S019,P0074,view_billing,WS-505,Hospital-LAN,False,normal,False
E001742,2026-01-09 08:10:50,S013,P0068,view_summary,WS-463,Hospital-LAN,False,normal,False
E001743,2026-01-09 08:11:17,S008,P0106,view_billing,WS-649,Hospital-LAN,False,normal,False
E001744,2026-01-09 08:12:09,S022,P0014,view_summary,WS-324,Hospital-LAN,False,normal,False
E001745,2026-01-09 08:15:18,S032,P0033,view_summary,WS-600,Hospital-LAN,False,normal,False
E001746,2026-01-09 08:17:48,S028,P0012,view_summary,WS-564,Hospital-LAN,False,normal,False
E001747,2026-01-09 08:17:58,S025,P0115,view_clinical_notes,WS-494,Hospital-LAN,False,normal,False
E001748,2026-01-09 08:18:59,S037,P0049,view_summary,WS-508,Hospital-LAN,False,normal,False
E001749,2026-01-09 08:20:10,S000,P0166,view_clinical_notes,WS-242,Hospital-LAN,False,normal,False
E001750,2026-01-09 08:20:38,S037,P0119,view_clinical_notes,WS-508,Hospital-LAN,False,normal,False
E001751,2026-01-09 08:20:44,S029,P0197,view_clinical_notes,WS-619,Hospital-LAN,False,legit_referral,False
E001752,2026-01-09 08:21:52,S008,P0079,view_billing,WS-649,Hospital-LAN,False,normal,False
E001753,2026-01-09 08:22:34,S001,P0089,view_billing,WS-704,Hospital-LAN,False,normal,False
E001754,2026-01-09 08:23:50,S033,P0072,view_clinical_notes,WS-159,Hospital-LAN,False,normal,False
E001755,2026-01-09 08:25:56,S008,P0087,view_billing,WS-649,Hospital-LAN,False,normal,False
E001756,2026-01-09 08:26:30,S024,P0150,view_billing,WS-256,Hospital-LAN,False,normal,False
E001757,2026-01-09 08:30:59,S035,P0093,view_billing,WS-231,Hospital-LAN,False,normal,False
E001758,2026-01-09 08:33:51,S012,P0161,view_clinical_notes,WS-384,Hospital-LAN,False,normal,False
E001759,2026-01-09 08:37:36,S029,P0147,view_clinical_notes,WS-619,Hospital-LAN,False,normal,False
E001760,2026-01-09 08:47:30,S008,P0070,view_billing,WS-649,Hospital-LAN,False,normal,False
E001761,2026-01-09 09:01:26,S027,P0008,view_billing,WS-887,Hospital-LAN,False,normal,False
E001762,2026-01-09 09:04:32,S037,P0128,view_summary,WS-508,Hospital-LAN,False,normal,False
E001763,2026-01-09 09:06:25,S018,P0080,view_summary,WS-997,Hospital-LAN,False,vip_snooping,True
E001764,2026-01-09 09:07:45,S015,P0143,view_clinical_notes,WS-376,Hospital-LAN,False,normal,False
E001765,2026-01-09 09:09:04,S031,P0094,view_summary,WS-880,Hospital-LAN,False,normal,False
E001766,2026-01-09 09:12:18,S030,P0011,view_summary,WS-961,Hospital-LAN,False,normal,False
E001767,2026-01-09 09:13:33,S028,P0012,view_clinical_notes,WS-564,Hospital-LAN,False,normal,False
E001768,2026-01-09 09:13:38,S032,P0001,view_clinical_notes,WS-600,Hospital-LAN,False,normal,False
E001769,2026-01-09 09:15:27,S000,P0118,view_clinical_notes,WS-242,Hospital-LAN,False,normal,False
E001770,2026-01-09 09:15:40,S013,P0094,view_clinical_notes,WS-463,Hospital-LAN,False,normal,False
E001771,2026-01-09 09:16:20,S015,P0053,view_summary,WS-376,Hospital-LAN,False,normal,False
E001772,2026-01-09 09:18:05,S028,P0102,view_summary,WS-564,Hospital-LAN,False,normal,False
E001773,2026-01-09 09:19:10,S004,P0147,view_summary,WS-928,Hospital-LAN,False,normal,False
E001774,2026-01-09 09:22:31,S025,P0178,view_summary,WS-494,Hospital-LAN,False,legit_shift_cover,False
E001775,2026-01-09 09:22:46,S002,P0014,view_summary,WS-617,Hospital-LAN,False,legit_shift_cover,False
E001776,2026-01-09 09:24:32,S002,P0096,view_clinical_notes,WS-617,Hospital-LAN,False,normal,False
E001777,2026-01-09 09:25:23,S002,P0166,view_clinical_notes,WS-617,Hospital-LAN,False,normal,False
E001778,2026-01-09 09:27:25,S016,P0047,view_summary,WS-801,Hospital-LAN,False,normal,False
E001779,2026-01-09 09:28:42,S030,P0115,view_summary,WS-961,Hospital-LAN,False,normal,False
E001780,2026-01-09 09:29:19,S016,P0180,view_summary,WS-801,Hospital-LAN,False,normal,False
E001781,2026-01-09 09:31:41,S029,P0160,view_summary,WS-619,Hospital-LAN,False,normal,False
E001782,2026-01-09 09:32:40,S000,P0009,view_summary,WS-242,Hospital-LAN,False,normal,False
E001783,2026-01-09 09:33:45,S015,P0102,view_summary,WS-376,Hospital-LAN,False,normal,False
E001784,2026-01-09 09:33:53,S029,P0147,view_summary,WS-619,Hospital-LAN,False,normal,False
E001785,2026-01-09 09:38:13,S037,P0091,view_clinical_notes,WS-508,Hospital-LAN,False,normal,False
E001786,2026-01-09 09:43:33,S025,P0124,view_clinical_notes,WS-494,Hospital-LAN,False,normal,False
E001787,2026-01-09 09:45:33,S011,P0184,view_clinical_notes,WS-891,Hospital-LAN,False,normal,False
E001788,2026-01-09 09:45:58,S029,P0192,view_summary,WS-619,Hospital-LAN,False,normal,False
E001789,2026-01-09 09:49:39,S004,P0092,view_summary,WS-928,Hospital-LAN,False,normal,False
E001790,2026-01-09 09:56:57,S038,P0198,view_summary,WS-548,Hospital-LAN,False,normal,False
E001791,2026-01-09 09:57:16,S035,P0079,view_billing,WS-231,Hospital-LAN,False,normal,False
E001792,2026-01-09 09:58:01,S019,P0106,view_billing,WS-505,Hospital-LAN,False,normal,False
E001793,2026-01-09 09:58:34,S017,P0130,view_clinical_notes,WS-924,Hospital-LAN,False,normal,False
E001794,2026-01-09 09:58:38,S020,P0054,view_summary,WS-246,Hospital-LAN,False,normal,False
E001795,2026-01-09 09:59:51,S039,P0162,view_summary,WS-353,Hospital-LAN,False,normal,False
E001796,2026-01-09 10:02:30,S022,P0068,view_summary,WS-324,Hospital-LAN,False,normal,False
E001797,2026-01-09 10:04:45,S001,P0121,view_billing,WS-704,Hospital-LAN,False,normal,False
E001798,2026-01-09 10:05:20,S022,P0186,view_summary,WS-324,Hospital-LAN,False,normal,False
E001799,2026-01-09 10:08:42,S013,P0102,view_summary,WS-463,Hospital-LAN,False,legit_shift_cover,False
E001800,2026-01-09 10:10:30,S039,P0001,view_summary,WS-353,Hospital-LAN,False,normal,False
E001801,2026-01-09 10:10:37,S010,P0067,view_billing,WS-691,Hospital-LAN,False,normal,False
E001802,2026-01-09 10:11:49,S015,P0034,view_clinical_notes,WS-376,Hospital-LAN,False,normal,False
E001803,2026-01-09 10:11:53,S019,P0186,view_billing,WS-505,Hospital-LAN,False,normal,False
E001804,2026-01-09 10:13:35,S019,P0186,view_billing,WS-505,Hospital-LAN,False,normal,False
E001805,2026-01-09 10:15:07,S019,P0011,view_billing,WS-505,Hospital-LAN,False,normal,False
E001806,2026-01-09 10:16:07,S022,P0083,view_summary,WS-324,Hospital-LAN,False,normal,False
E001807,2026-01-09 10:16:49,S006,P0009,view_summary,WS-204,Hospital-LAN,False,normal,False
E001808,2026-01-09 10:18:49,S016,P0092,view_summary,WS-801,Hospital-LAN,False,normal,False
E001809,2026-01-09 10:20:53,S005,P0118,view_summary,WS-814,Hospital-LAN,False,normal,False
E001810,2026-01-09 10:22:47,S030,P0114,view_summary,WS-961,Hospital-LAN,False,normal,False
E001811,2026-01-09 10:23:08,S006,P0146,view_clinical_notes,WS-204,Hospital-LAN,False,normal,False
E001812,2026-01-09 10:26:35,S035,P0053,view_billing,WS-231,Hospital-LAN,False,normal,False
E001813,2026-01-09 10:28:14,S031,P0146,view_clinical_notes,WS-880,Hospital-LAN,False,normal,False
E001814,2026-01-09 10:31:55,S022,P0073,view_summary,WS-324,Hospital-LAN,False,normal,False
E001815,2026-01-09 10:33:28,S035,P0182,view_billing,WS-231,Hospital-LAN,False,normal,False
E001816,2026-01-09 10:36:27,S035,P0178,view_billing,WS-231,Hospital-LAN,False,normal,False
E001817,2026-01-09 10:38:09,S000,P0162,view_summary,WS-242,Hospital-LAN,False,normal,False
E001818,2026-01-09 10:39:59,S019,P0043,view_billing,WS-505,Hospital-LAN,False,normal,False
E001819,2026-01-09 10:42:22,S020,P0008,view_summary,WS-246,Hospital-LAN,False,normal,False
E001820,2026-01-09 10:49:06,S012,P0027,view_summary,WS-384,Hospital-LAN,False,normal,False
E001821,2026-01-09 10:49:40,S000,P0105,view_clinical_notes,WS-242,Hospital-LAN,False,normal,False
E001822,2026-01-09 10:51:33,S039,P0154,view_summary,WS-353,Hospital-LAN,False,normal,False
E001823,2026-01-09 10:52:25,S031,P0132,view_summary,WS-880,Hospital-LAN,False,normal,False
E001824,2026-01-09 10:54:47,S020,P0073,view_summary,WS-246,Hospital-LAN,False,normal,False
E001825,2026-01-09 10:56:18,S023,P0190,view_summary,WS-193,Hospital-LAN,False,normal,False
E001826,2026-01-09 10:57:48,S020,P0141,view_summary,WS-246,Hospital-LAN,False,normal,False
E001827,2026-01-09 10:59:20,S010,P0156,view_billing,WS-691,Hospital-LAN,False,normal,False
E001828,2026-01-09 11:06:09,S000,P0068,view_summary,WS-242,Hospital-LAN,False,normal,False
E001829,2026-01-09 11:08:19,S008,P0195,view_billing,WS-649,Hospital-LAN,False,normal,False
E001830,2026-01-09 11:09:11,S011,P0051,view_clinical_notes,WS-891,Hospital-LAN,False,normal,False
E001831,2026-01-09 11:10:00,S039,P0061,view_summary,WS-353,Hospital-LAN,False,normal,False
E001832,2026-01-09 11:11:52,S024,P0194,view_billing,WS-256,Hospital-LAN,False,normal,False
E001833,2026-01-09 11:12:53,S012,P0074,view_clinical_notes,WS-384,Hospital-LAN,False,normal,False
E001834,2026-01-09 11:14:57,S026,P0076,view_clinical_notes,WS-796,Hospital-LAN,False,normal,False
E001835,2026-01-09 11:17:05,S032,P0147,view_summary,WS-600,Hospital-LAN,False,normal,False
E001836,2026-01-09 11:17:06,S032,P0029,view_summary,WS-600,Hospital-LAN,False,normal,False
E001837,2026-01-09 11:18:02,S005,P0072,view_summary,WS-814,Hospital-LAN,False,normal,False
E001838,2026-01-09 11:23:58,S027,P0063,view_billing,WS-887,Hospital-LAN,False,normal,False
E001839,2026-01-09 11:24:53,S037,P0165,view_summary,WS-508,Hospital-LAN,False,normal,False
E001840,2026-01-09 11:25:13,S026,P0092,view_clinical_notes,WS-796,Hospital-LAN,False,normal,False
E001841,2026-01-09 11:28:13,S008,P0107,view_billing,WS-649,Hospital-LAN,False,normal,False
E001842,2026-01-09 11:30:25,S030,P0098,view_summary,WS-961,Hospital-LAN,False,normal,False
E001843,2026-01-09 11:32:14,S023,P0154,view_summary,WS-193,Hospital-LAN,False,normal,False
E001844,2026-01-09 11:35:12,S032,P0155,view_summary,WS-600,Hospital-LAN,False,normal,False
E001845,2026-01-09 11:36:31,S031,P0196,view_summary,WS-880,Hospital-LAN,False,normal,False
E001846,2026-01-09 11:47:32,S006,P0000,view_summary,WS-204,Hospital-LAN,False,normal,False
E001847,2026-01-09 11:54:30,S033,P0020,view_clinical_notes,WS-159,Hospital-LAN,False,normal,False
E001848,2026-01-09 11:56:06,S027,P0175,view_billing,WS-887,Hospital-LAN,False,normal,False
E001849,2026-01-09 12:04:21,S028,P0022,view_summary,WS-564,Hospital-LAN,False,normal,False
E001850,2026-01-09 12:05:19,S035,P0149,view_billing,WS-231,Hospital-LAN,False,normal,False
E001851,2026-01-09 12:11:16,S039,P0148,view_summary,WS-353,Hospital-LAN,False,normal,False
E001852,2026-01-09 12:11:18,S000,P0109,view_summary,WS-242,Hospital-LAN,False,legit_shift_cover,False
E001853,2026-01-09 12:12:02,S001,P0053,view_billing,WS-704,Hospital-LAN,False,normal,False
E001854,2026-01-09 12:14:30,S019,P0098,view_billing,WS-505,Hospital-LAN,False,normal,False
E001855,2026-01-09 12:19:46,S015,P0143,view_clinical_notes,WS-376,Hospital-LAN,False,normal,False
E001856,2026-01-09 12:22:55,S001,P0013,view_billing,WS-704,Hospital-LAN,False,normal,False
E001857,2026-01-09 12:25:32,S032,P0076,view_clinical_notes,WS-600,Hospital-LAN,False,normal,False
E001858,2026-01-09 12:28:33,S026,P0110,view_summary,WS-796,Hospital-LAN,False,normal,False
E001859,2026-01-09 12:30:40,S013,P0077,view_summary,WS-463,Hospital-LAN,False,normal,False
E001860,2026-01-09 12:31:01,S002,P0005,view_clinical_notes,WS-617,Hospital-LAN,False,normal,False
E001861,2026-01-09 12:34:00,S002,P0176,view_summary,WS-617,Hospital-LAN,False,normal,False
E001862,2026-01-09 12:35:05,S026,P0032,view_summary,WS-796,Hospital-LAN,False,normal,False
E001863,2026-01-09 12:36:08,S019,P0081,view_billing,WS-505,Hospital-LAN,False,normal,False
E001864,2026-01-09 12:36:08,S029,P0029,view_clinical_notes,WS-619,Hospital-LAN,False,normal,False
E001865,2026-01-09 12:39:01,S037,P0051,view_clinical_notes,WS-508,Hospital-LAN,False,normal,False
E001866,2026-01-09 12:41:37,S017,P0086,view_clinical_notes,WS-924,Hospital-LAN,False,normal,False
E001867,2026-01-09 12:42:00,S020,P0198,view_summary,WS-246,Hospital-LAN,False,normal,False
E001868,2026-01-09 12:44:47,S029,P0029,view_summary,WS-619,Hospital-LAN,False,normal,False
E001869,2026-01-09 12:45:36,S006,P0130,view_summary,WS-204,Hospital-LAN,False,normal,False
E001870,2026-01-09 12:47:01,S001,P0094,view_billing,WS-704,Hospital-LAN,False,normal,False
E001871,2026-01-09 12:49:34,S005,P0096,view_summary,WS-814,Hospital-LAN,False,normal,False
E001872,2026-01-09 12:53:14,S038,P0076,view_summary,WS-548,Hospital-LAN,False,normal,False
E001873,2026-01-09 12:53:31,S008,P0183,view_billing,WS-649,Hospital-LAN,False,normal,False
E001874,2026-01-09 12:56:42,S033,P0078,view_clinical_notes,WS-159,Hospital-LAN,False,normal,False
E001875,2026-01-09 12:59:51,S017,P0096,view_clinical_notes,WS-924,Hospital-LAN,False,normal,False
E001876,2026-01-09 13:00:07,S029,P0029,view_summary,WS-619,Hospital-LAN,False,normal,False
E001877,2026-01-09 13:00:25,S025,P0076,view_clinical_notes,WS-494,Hospital-LAN,False,normal,False
E001878,2026-01-09 13:00:31,S005,P0035,view_summary,WS-814,Hospital-LAN,False,normal,False
E001879,2026-01-09 13:01:40,S004,P0087,view_clinical_notes,WS-928,Hospital-LAN,False,normal,False
E001880,2026-01-09 13:05:19,S032,P0001,view_clinical_notes,WS-600,Hospital-LAN,False,normal,False
E001881,2026-01-09 13:09:57,S031,P0105,view_summary,WS-880,Hospital-LAN,False,normal,False
E001882,2026-01-09 13:10:36,S033,P0103,view_summary,WS-159,Hospital-LAN,False,normal,False
E001883,2026-01-09 13:10:40,S013,P0146,view_summary,WS-463,Hospital-LAN,False,normal,False
E001884,2026-01-09 13:10:54,S020,P0132,view_summary,WS-246,Hospital-LAN,False,normal,False
E001885,2026-01-09 13:15:46,S001,P0173,view_billing,WS-704,Hospital-LAN,False,normal,False
E001886,2026-01-09 13:17:17,S017,P0166,view_summary,WS-924,Hospital-LAN,False,normal,False
E001887,2026-01-09 13:17:46,S008,P0109,view_billing,WS-649,Hospital-LAN,False,normal,False
E001888,2026-01-09 13:19:23,S024,P0079,view_billing,WS-256,Hospital-LAN,False,normal,False
E001889,2026-01-09 13:20:11,S027,P0004,view_billing,WS-887,Hospital-LAN,False,normal,False
E001890,2026-01-09 13:20:35,S027,P0165,view_billing,WS-887,Hospital-LAN,False,normal,False
E001891,2026-01-09 13:22:46,S000,P0196,view_summary,WS-242,Hospital-LAN,False,normal,False
E001892,2026-01-09 13:25:11,S016,P0184,view_summary,WS-801,Hospital-LAN,False,normal,False
E001893,2026-01-09 13:26:57,S032,P0174,view_summary,WS-600,Hospital-LAN,False,normal,False
E001894,2026-01-09 13:27:54,S025,P0115,view_clinical_notes,WS-494,Hospital-LAN,False,normal,False
E001895,2026-01-09 13:27:57,S030,P0048,view_summary,WS-961,Hospital-LAN,False,normal,False
E001896,2026-01-09 13:29:31,S016,P0008,view_summary,WS-801,Hospital-LAN,False,normal,False
E001897,2026-01-09 13:29:45,S010,P0041,view_billing,WS-691,Hospital-LAN,False,normal,False
E001898,2026-01-09 13:33:48,S025,P0017,view_summary,WS-494,Hospital-LAN,False,normal,False
E001899,2026-01-09 13:36:49,S039,P0155,view_summary,WS-353,Hospital-LAN,False,normal,False
E001900,2026-01-09 13:36:55,S015,P0052,view_summary,WS-376,Hospital-LAN,False,normal,False
E001901,2026-01-09 13:38:49,S032,P0192,view_clinical_notes,WS-600,Hospital-LAN,False,normal,False
E001902,2026-01-09 13:51:27,S006,P0068,view_summary,WS-204,Hospital-LAN,False,normal,False
E001903,2026-01-09 13:51:31,S026,P0098,view_clinical_notes,WS-796,Hospital-LAN,False,normal,False
E001904,2026-01-09 13:52:12,S027,P0179,view_billing,WS-887,Hospital-LAN,False,normal,False
E001905,2026-01-09 13:52:55,S011,P0109,view_clinical_notes,WS-891,Hospital-LAN,False,normal,False
E001906,2026-01-09 13:56:03,S013,P0176,view_summary,WS-463,Hospital-LAN,False,normal,False
E001907,2026-01-09 13:56:26,S008,P0069,view_billing,WS-649,Hospital-LAN,False,normal,False
E001908,2026-01-09 13:56:55,S030,P0186,view_summary,WS-961,Hospital-LAN,False,normal,False
E001909,2026-01-09 13:59:19,S001,P0135,view_billing,WS-704,Hospital-LAN,False,normal,False
E001910,2026-01-09 14:01:11,S026,P0124,view_summary,WS-796,Hospital-LAN,False,normal,False
E001911,2026-01-09 14:02:27,S010,P0073,view_billing,WS-691,Hospital-LAN,False,normal,False
E001912,2026-01-09 14:04:31,S038,P0146,view_summary,WS-548,Hospital-LAN,False,normal,False
E001913,2026-01-09 14:07:14,S027,P0056,view_billing,WS-887,Hospital-LAN,False,normal,False
E001914,2026-01-09 14:08:56,S002,P0068,view_clinical_notes,WS-617,Hospital-LAN,False,normal,False
E001915,2026-01-09 14:11:31,S005,P0167,view_summary,WS-814,Hospital-LAN,False,normal,False
E001916,2026-01-09 14:11:43,S004,P0147,view_clinical_notes,WS-928,Hospital-LAN,False,normal,False
E001917,2026-01-09 14:14:53,S004,P0019,view_clinical_notes,WS-928,Hospital-LAN,False,normal,False
E001918,2026-01-09 14:18:57,S022,P0069,view_summary,WS-324,Hospital-LAN,False,normal,False
E001919,2026-01-09 14:22:48,S025,P0055,export_record,WS-494,Hospital-LAN,False,bulk_theft,True
E001920,2026-01-09 14:23:02,S002,P0086,view_summary,WS-617,Hospital-LAN,False,normal,False
E001921,2026-01-09 14:23:03,S025,P0107,export_record,WS-494,Hospital-LAN,False,bulk_theft,True
E001922,2026-01-09 14:23:18,S025,P0153,export_record,WS-494,Hospital-LAN,False,bulk_theft,True
E001923,2026-01-09 14:23:33,S025,P0071,export_record,WS-494,Hospital-LAN,False,bulk_theft,True
E001924,2026-01-09 14:23:48,S025,P0081,export_record,WS-494,Hospital-LAN,False,bulk_theft,True
E001925,2026-01-09 14:24:03,S025,P0092,export_record,WS-494,Hospital-LAN,False,bulk_theft,True
E001926,2026-01-09 14:24:18,S025,P0161,export_record,WS-494,Hospital-LAN,False,bulk_theft,True
E001927,2026-01-09 14:24:33,S025,P0027,export_record,WS-494,Hospital-LAN,False,bulk_theft,True
E001928,2026-01-09 14:24:48,S025,P0170,export_record,WS-494,Hospital-LAN,False,bulk_theft,True
E001929,2026-01-09 14:25:03,S025,P0175,export_record,WS-494,Hospital-LAN,False,bulk_theft,True
E001930,2026-01-09 14:25:18,S025,P0162,export_record,WS-494,Hospital-LAN,False,bulk_theft,True
E001931,2026-01-09 14:25:33,S025,P0189,export_record,WS-494,Hospital-LAN,False,bulk_theft,True
E001932,2026-01-09 14:25:48,S025,P0195,export_record,WS-494,Hospital-LAN,False,bulk_theft,True
E001933,2026-01-09 14:26:03,S025,P0128,export_record,WS-494,Hospital-LAN,False,bulk_theft,True
E001934,2026-01-09 14:26:18,S025,P0137,export_record,WS-494,Hospital-LAN,False,bulk_theft,True
E001935,2026-01-09 14:26:33,S025,P0136,export_record,WS-494,Hospital-LAN,False,bulk_theft,True
E001936,2026-01-09 14:26:38,S005,P0036,view_summary,WS-814,Hospital-LAN,False,normal,False
E001937,2026-01-09 14:26:47,S030,P0087,view_summary,WS-961,Hospital-LAN,False,normal,False
E001938,2026-01-09 14:26:48,S025,P0100,export_record,WS-494,Hospital-LAN,False,bulk_theft,True
E001939,2026-01-09 14:27:03,S025,P0057,export_record,WS-494,Hospital-LAN,False,bulk_theft,True
E001940,2026-01-09 14:27:18,S025,P0103,export_record,WS-494,Hospital-LAN,False,bulk_theft,True
E001941,2026-01-09 14:27:33,S025,P0126,export_record,WS-494,Hospital-LAN,False,bulk_theft,True
E001942,2026-01-09 14:27:48,S025,P0118,export_record,WS-494,Hospital-LAN,False,bulk_theft,True
E001943,2026-01-09 14:28:03,S025,P0073,export_record,WS-494,Hospital-LAN,False,bulk_theft,True
E001944,2026-01-09 14:28:18,S025,P0115,export_record,WS-494,Hospital-LAN,False,bulk_theft,True
E001945,2026-01-09 14:28:29,S026,P0115,view_clinical_notes,WS-796,Hospital-LAN,False,normal,False
E001946,2026-01-09 14:28:33,S025,P0040,export_record,WS-494,Hospital-LAN,False,bulk_theft,True
E001947,2026-01-09 14:28:40,S028,P0040,view_summary,WS-564,Hospital-LAN,False,normal,False
E001948,2026-01-09 14:28:48,S025,P0045,export_record,WS-494,Hospital-LAN,False,bulk_theft,True
E001949,2026-01-09 14:29:03,S025,P0102,export_record,WS-494,Hospital-LAN,False,bulk_theft,True
E001950,2026-01-09 14:29:18,S025,P0178,export_record,WS-494,Hospital-LAN,False,bulk_theft,True
E001951,2026-01-09 14:29:33,S025,P0000,export_record,WS-494,Hospital-LAN,False,bulk_theft,True
E001952,2026-01-09 14:29:48,S025,P0184,export_record,WS-494,Hospital-LAN,False,bulk_theft,True
E001953,2026-01-09 14:30:03,S025,P0085,export_record,WS-494,Hospital-LAN,False,bulk_theft,True
E001954,2026-01-09 14:30:41,S029,P0169,view_clinical_notes,WS-619,Hospital-LAN,False,normal,False
E001955,2026-01-09 14:30:59,S016,P0160,view_summary,WS-801,Hospital-LAN,False,vip_snooping,True
E001956,2026-01-09 14:35:24,S015,P0025,view_summary,WS-376,Hospital-LAN,False,normal,False
E001957,2026-01-09 14:35:32,S005,P0172,view_summary,WS-814,Hospital-LAN,False,normal,False
E001958,2026-01-09 14:36:10,S026,P0198,view_clinical_notes,WS-796,Hospital-LAN,False,normal,False
E001959,2026-01-09 14:37:01,S015,P0051,view_summary,WS-376,Hospital-LAN,False,legit_shift_cover,False
E001960,2026-01-09 14:39:58,S017,P0130,view_clinical_notes,WS-924,Hospital-LAN,False,normal,False
E001961,2026-01-09 14:41:24,S011,P0119,view_summary,WS-891,Hospital-LAN,False,normal,False
E001962,2026-01-09 14:41:43,S025,P0155,view_summary,WS-494,Hospital-LAN,False,normal,False
E001963,2026-01-09 14:43:15,S033,P0006,view_clinical_notes,WS-159,Hospital-LAN,False,normal,False
E001964,2026-01-09 14:43:31,S005,P0109,view_summary,WS-814,Hospital-LAN,False,normal,False
E001965,2026-01-09 14:46:22,S032,P0032,view_summary,WS-600,Hospital-LAN,False,normal,False
E001966,2026-01-09 14:48:47,S004,P0032,view_summary,WS-928,Hospital-LAN,False,normal,False
E001967,2026-01-09 14:50:15,S013,P0000,view_summary,WS-463,Hospital-LAN,False,normal,False
E001968,2026-01-09 14:51:21,S011,P0045,view_clinical_notes,WS-891,Hospital-LAN,False,normal,False
E001969,2026-01-09 14:52:44,S029,P0001,view_clinical_notes,WS-619,Hospital-LAN,False,normal,False
E001970,2026-01-09 14:55:43,S026,P0024,view_summary,WS-796,Hospital-LAN,False,legit_shift_cover,False
E001971,2026-01-09 14:57:41,S037,P0119,view_clinical_notes,WS-508,Hospital-LAN,False,normal,False
E001972,2026-01-09 15:00:09,S030,P0173,view_summary,WS-961,Hospital-LAN,False,normal,False
E001973,2026-01-09 15:01:50,S024,P0037,view_billing,WS-256,Hospital-LAN,False,normal,False
E001974,2026-01-09 15:07:22,S016,P0126,view_summary,WS-801,Hospital-LAN,False,normal,False
E001975,2026-01-09 15:10:05,S005,P0148,view_summary,WS-814,Hospital-LAN,False,normal,False
E001976,2026-01-09 15:10:14,S011,P0028,view_clinical_notes,WS-891,Hospital-LAN,False,normal,False
E001977,2026-01-09 15:11:20,S026,P0169,view_clinical_notes,WS-796,Hospital-LAN,False,normal,False
E001978,2026-01-09 15:11:29,S031,P0021,view_summary,WS-880,Hospital-LAN,False,normal,False
E001979,2026-01-09 15:14:04,S027,P0173,view_billing,WS-887,Hospital-LAN,False,normal,False
E001980,2026-01-09 15:14:14,S016,P0037,view_summary,WS-801,Hospital-LAN,False,normal,False
E001981,2026-01-09 15:14:20,S031,P0068,view_summary,WS-880,Hospital-LAN,False,normal,False
E001982,2026-01-09 15:14:22,S004,P0142,view_clinical_notes,WS-928,Hospital-LAN,False,normal,False
E001983,2026-01-09 15:17:37,S026,P0113,view_summary,WS-796,Hospital-LAN,False,normal,False
E001984,2026-01-09 15:22:33,S006,P0111,view_clinical_notes,WS-204,Hospital-LAN,False,normal,False
E001985,2026-01-09 15:23:39,S012,P0114,view_clinical_notes,WS-384,Hospital-LAN,False,normal,False
E001986,2026-01-09 15:24:43,S013,P0196,view_clinical_notes,WS-463,Hospital-LAN,False,normal,False
E001987,2026-01-09 15:26:58,S033,P0153,view_clinical_notes,WS-159,Hospital-LAN,False,normal,False
E001988,2026-01-09 15:29:32,S006,P0083,view_summary,WS-204,Hospital-LAN,False,normal,False
E001989,2026-01-09 15:31:43,S028,P0040,view_summary,WS-564,Hospital-LAN,False,normal,False
E001990,2026-01-09 15:32:23,S004,P0143,view_summary,WS-928,Hospital-LAN,False,legit_shift_cover,False
E001991,2026-01-09 15:34:10,S019,P0140,view_billing,WS-505,Hospital-LAN,False,normal,False
E001992,2026-01-09 15:36:08,S016,P0024,view_summary,WS-801,Hospital-LAN,False,normal,False
E001993,2026-01-09 15:37:57,S015,P0062,view_clinical_notes,WS-376,Hospital-LAN,False,normal,False
E001994,2026-01-09 15:39:41,S023,P0091,view_summary,WS-193,Hospital-LAN,False,normal,False
E001995,2026-01-09 15:47:49,S013,P0009,view_summary,WS-463,Hospital-LAN,False,normal,False
E001996,2026-01-09 15:50:40,S038,P0103,view_summary,WS-548,Hospital-LAN,False,normal,False
E001997,2026-01-09 15:53:46,S024,P0159,view_billing,WS-256,Hospital-LAN,False,normal,False
E001998,2026-01-09 15:54:36,S006,P0021,view_clinical_notes,WS-204,Hospital-LAN,False,normal,False
E001999,2026-01-09 15:56:02,S011,P0016,view_clinical_notes,WS-891,Hospital-LAN,False,normal,False
E002000,2026-01-09 15:56:38,S011,P0004,view_summary,WS-891,Hospital-LAN,False,normal,False
E002001,2026-01-09 15:58:41,S031,P0086,view_summary,WS-880,Hospital-LAN,False,normal,False
E002002,2026-01-09 16:02:32,S012,P0144,view_clinical_notes,WS-384,Hospital-LAN,False,normal,False
E002003,2026-01-09 16:04:15,S037,P0059,view_clinical_notes,WS-508,Hospital-LAN,False,normal,False
E002004,2026-01-09 16:05:25,S000,P0176,view_clinical_notes,WS-242,Hospital-LAN,False,normal,False
E002005,2026-01-09 16:10:31,S005,P0075,view_summary,WS-814,Hospital-LAN,False,normal,False
E002006,2026-01-09 16:11:24,S035,P0114,view_billing,WS-231,Hospital-LAN,False,normal,False
E002007,2026-01-09 16:13:45,S020,P0051,view_summary,WS-246,Hospital-LAN,False,normal,False
E002008,2026-01-09 16:16:24,S011,P0060,view_clinical_notes,WS-891,Hospital-LAN,False,normal,False
E002009,2026-01-09 16:17:25,S012,P0069,view_summary,WS-384,Hospital-LAN,False,normal,False
E002010,2026-01-09 16:18:10,S005,P0121,view_summary,WS-814,Hospital-LAN,False,normal,False
E002011,2026-01-09 16:20:27,S022,P0044,view_summary,WS-324,Hospital-LAN,False,normal,False
E002012,2026-01-09 16:21:43,S017,P0137,view_summary,WS-924,Hospital-LAN,False,normal,False
E002013,2026-01-09 16:23:48,S002,P0013,view_summary,WS-617,Hospital-LAN,False,normal,False
E002014,2026-01-09 16:29:15,S002,P0037,view_clinical_notes,WS-617,Hospital-LAN,False,normal,False
E002015,2026-01-09 16:30:16,S001,P0010,view_billing,WS-704,Hospital-LAN,False,normal,False
E002016,2026-01-09 16:30:18,S038,P0025,view_summary,WS-548,Hospital-LAN,False,normal,False
E002017,2026-01-09 16:31:59,S022,P0089,view_summary,WS-324,Hospital-LAN,False,normal,False
E002018,2026-01-09 16:32:07,S005,P0150,view_summary,WS-814,Hospital-LAN,False,normal,False
E002019,2026-01-09 16:36:04,S020,P0026,view_summary,WS-246,Hospital-LAN,False,normal,False
E002020,2026-01-09 16:44:30,S026,P0169,view_clinical_notes,WS-796,Hospital-LAN,False,normal,False
E002021,2026-01-09 16:47:22,S004,P0017,view_summary,WS-928,Hospital-LAN,False,normal,False
E002022,2026-01-09 16:52:34,S029,P0183,view_clinical_notes,WS-619,Hospital-LAN,False,normal,False
E002023,2026-01-09 16:52:47,S033,P0134,view_clinical_notes,WS-159,Hospital-LAN,False,normal,False
E002024,2026-01-09 16:54:47,S015,P0073,view_clinical_notes,WS-376,Hospital-LAN,False,low_slow_in_ward,True
E002025,2026-01-09 16:55:23,S008,P0015,view_billing,WS-649,Hospital-LAN,False,normal,False
E002026,2026-01-09 17:02:29,S026,P0140,view_clinical_notes,WS-796,Hospital-LAN,False,normal,False
E002027,2026-01-09 17:08:28,S019,P0068,view_billing,WS-505,Hospital-LAN,False,normal,False
E002028,2026-01-09 17:08:43,S035,P0053,view_billing,WS-231,Hospital-LAN,False,normal,False
E002029,2026-01-09 17:09:06,S039,P0192,view_summary,WS-353,Hospital-LAN,False,normal,False
E002030,2026-01-09 17:13:59,S027,P0142,view_billing,WS-887,Hospital-LAN,False,normal,False
E002031,2026-01-09 17:20:35,S023,P0017,view_summary,WS-193,Hospital-LAN,False,normal,False
E002032,2026-01-09 17:22:19,S016,P0088,view_summary,WS-801,Hospital-LAN,False,normal,False
E002033,2026-01-09 17:23:53,S037,P0125,view_summary,WS-508,Hospital-LAN,False,normal,False
E002034,2026-01-09 17:24:40,S038,P0153,view_summary,WS-548,Hospital-LAN,False,normal,False
E002035,2026-01-09 17:26:03,S024,P0081,view_billing,WS-256,Hospital-LAN,False,normal,False
E002036,2026-01-09 17:28:57,S024,P0089,view_billing,WS-256,Hospital-LAN,False,normal,False
E002037,2026-01-09 17:33:48,S028,P0073,view_clinical_notes,WS-564,Hospital-LAN,False,normal,False
E002038,2026-01-09 17:34:47,S010,P0158,view_billing,WS-691,Hospital-LAN,False,normal,False
E002039,2026-01-09 17:35:12,S002,P0083,view_clinical_notes,WS-617,Hospital-LAN,False,normal,False
E002040,2026-01-09 17:38:43,S008,P0182,view_billing,WS-649,Hospital-LAN,False,normal,False
E002041,2026-01-09 17:40:51,S031,P0176,view_clinical_notes,WS-880,Hospital-LAN,False,normal,False
E002042,2026-01-09 17:43:39,S002,P0009,view_summary,WS-617,Hospital-LAN,False,normal,False
E002043,2026-01-09 17:45:52,S011,P0045,view_summary,WS-891,Hospital-LAN,False,normal,False
E002044,2026-01-09 17:47:48,S001,P0088,view_billing,WS-704,Hospital-LAN,False,normal,False
E002045,2026-01-09 17:48:37,S000,P0096,view_clinical_notes,WS-242,Hospital-LAN,False,normal,False
E002046,2026-01-09 17:49:39,S004,P0151,view_clinical_notes,WS-928,Hospital-LAN,False,normal,False
E002047,2026-01-09 17:50:30,S032,P0017,view_summary,WS-600,Hospital-LAN,False,normal,False
E002048,2026-01-09 17:53:54,S004,P0113,view_clinical_notes,WS-928,Hospital-LAN,False,normal,False
E002049,2026-01-09 17:54:53,S023,P0188,view_summary,WS-193,Hospital-LAN,False,normal,False
E002050,2026-01-09 17:55:17,S012,P0179,view_summary,WS-384,Hospital-LAN,False,normal,False
E002051,2026-01-09 18:03:06,S016,P0101,view_summary,WS-801,Hospital-LAN,False,normal,False
E002052,2026-01-09 18:04:11,S010,P0046,view_billing,WS-691,Hospital-LAN,False,normal,False
E002053,2026-01-09 18:11:07,S015,P0050,view_summary,WS-376,Hospital-LAN,False,normal,False
E002054,2026-01-09 18:16:55,S031,P0130,view_summary,WS-880,Hospital-LAN,False,normal,False
E002055,2026-01-09 18:18:01,S031,P0077,view_summary,WS-880,Hospital-LAN,False,normal,False
E002056,2026-01-09 18:20:00,S027,P0102,view_billing,WS-887,Hospital-LAN,False,normal,False
E002057,2026-01-09 18:20:22,S019,P0038,view_billing,WS-505,Hospital-LAN,False,normal,False
E002058,2026-01-09 18:20:33,S017,P0132,view_summary,WS-924,Hospital-LAN,False,normal,False
E002059,2026-01-09 18:22:30,S038,P0139,view_summary,WS-548,Hospital-LAN,False,normal,False
E002060,2026-01-09 18:24:17,S029,P0155,view_clinical_notes,WS-619,Hospital-LAN,False,normal,False
E002061,2026-01-09 18:26:56,S023,P0125,view_summary,WS-193,Hospital-LAN,False,normal,False
E002062,2026-01-09 18:27:56,S037,P0081,view_summary,WS-508,Hospital-LAN,False,normal,False
E002063,2026-01-09 18:29:31,S031,P0051,view_summary,WS-880,Hospital-LAN,True,legit_break_glass,False
E002064,2026-01-09 18:29:44,S001,P0126,view_billing,WS-704,Hospital-LAN,False,normal,False
E002065,2026-01-09 18:31:36,S008,P0159,view_billing,WS-649,Hospital-LAN,False,normal,False
E002066,2026-01-09 18:35:56,S025,P0124,view_summary,WS-494,Hospital-LAN,False,normal,False
E002067,2026-01-09 18:39:53,S010,P0174,view_billing,WS-691,Hospital-LAN,False,normal,False
E002068,2026-01-09 18:40:24,S035,P0111,view_billing,WS-231,Hospital-LAN,False,normal,False
E002069,2026-01-09 18:42:31,S012,P0003,view_summary,WS-384,Hospital-LAN,False,normal,False
E002070,2026-01-09 18:45:45,S010,P0170,view_billing,WS-691,Hospital-LAN,False,normal,False
E002071,2026-01-09 18:47:15,S017,P0146,view_summary,WS-924,Hospital-LAN,False,normal,False
E002072,2026-01-09 18:49:11,S012,P0172,view_summary,WS-384,Hospital-LAN,False,normal,False
E002073,2026-01-09 19:03:33,S023,P0005,view_summary,WS-193,Hospital-LAN,False,normal,False
E002074,2026-01-09 19:04:05,S004,P0087,view_summary,WS-928,Hospital-LAN,False,normal,False
E002075,2026-01-09 19:05:21,S025,P0096,view_clinical_notes,WS-494,Hospital-LAN,False,family_snooping,True
E002076,2026-01-09 19:10:02,S027,P0109,view_billing,WS-887,Hospital-LAN,False,normal,False
E002077,2026-01-09 19:11:02,S038,P0110,view_summary,WS-548,Hospital-LAN,False,normal,False
E002078,2026-01-09 19:11:51,S028,P0062,view_clinical_notes,WS-564,Hospital-LAN,False,normal,False
E002079,2026-01-09 19:12:18,S010,P0117,view_billing,WS-691,Hospital-LAN,False,normal,False
E002080,2026-01-09 19:12:30,S023,P0091,view_summary,WS-193,Hospital-LAN,False,normal,False
E002081,2026-01-09 19:16:37,S011,P0157,view_summary,WS-891,Hospital-LAN,False,normal,False
E002082,2026-01-09 19:21:14,S000,P0082,view_summary,WS-242,Hospital-LAN,False,normal,False
E002083,2026-01-09 19:23:33,S012,P0004,view_summary,WS-384,Hospital-LAN,True,legit_break_glass,False
E002084,2026-01-09 19:27:01,S023,P0043,view_summary,WS-193,Hospital-LAN,False,normal,False
E002085,2026-01-09 19:31:48,S022,P0039,view_summary,WS-324,Hospital-LAN,False,normal,False
E002086,2026-01-09 19:40:51,S006,P0026,view_clinical_notes,WS-204,Hospital-LAN,False,family_snooping,True
E002087,2026-01-09 19:43:34,S025,P0151,view_clinical_notes,WS-494,Hospital-LAN,False,normal,False
E002088,2026-01-09 19:48:42,S016,P0140,view_summary,WS-801,Hospital-LAN,False,normal,False
E002089,2026-01-09 19:55:39,S039,P0176,view_summary,WS-353,Hospital-LAN,False,normal,False
E002090,2026-01-09 19:56:07,S006,P0162,view_summary,WS-204,Hospital-LAN,False,normal,False
E002091,2026-01-09 19:58:23,S000,P0005,view_clinical_notes,WS-242,Hospital-LAN,False,normal,False
E002092,2026-01-09 19:59:35,S013,P0111,view_summary,WS-463,Hospital-LAN,False,normal,False
E002093,2026-01-09 20:05:03,S007,P0072,view_summary,WS-370,Hospital-LAN,False,normal,False
E002094,2026-01-09 20:07:03,S034,P0112,view_summary,WS-597,Hospital-LAN,False,normal,False
E002095,2026-01-09 20:08:06,S034,P0114,view_clinical_notes,WS-597,Hospital-LAN,False,normal,False
E002096,2026-01-09 20:11:59,S018,P0005,view_clinical_notes,WS-997,Hospital-LAN,False,normal,False
E002097,2026-01-09 20:18:26,S003,P0054,view_summary,WS-818,Hospital-LAN,False,normal,False
E002098,2026-01-09 20:25:16,S003,P0004,view_summary,WS-818,Hospital-LAN,False,normal,False
E002099,2026-01-09 20:33:30,S007,P0006,view_clinical_notes,WS-370,Hospital-LAN,False,normal,False
E002100,2026-01-09 20:35:31,S009,P0056,view_clinical_notes,WS-400,Hospital-LAN,False,normal,False
E002101,2026-01-09 20:43:46,S014,P0113,view_clinical_notes,WS-275,Hospital-LAN,False,normal,False
E002102,2026-01-09 20:54:18,S009,P0145,view_clinical_notes,WS-400,Hospital-LAN,False,normal,False
E002103,2026-01-09 20:56:31,S018,P0005,view_summary,WS-997,Hospital-LAN,False,normal,False
E002104,2026-01-09 21:07:31,S036,P0072,view_summary,WS-993,Hospital-LAN,False,normal,False
E002105,2026-01-09 21:34:03,S003,P0028,view_clinical_notes,WS-818,Hospital-LAN,False,normal,False
E002106,2026-01-09 21:34:36,S036,P0072,view_clinical_notes,WS-993,Hospital-LAN,False,normal,False
E002107,2026-01-09 21:43:13,S003,P0165,view_clinical_notes,WS-818,Hospital-LAN,False,normal,False
E002108,2026-01-09 21:43:42,S003,P0157,view_summary,WS-818,Hospital-LAN,False,normal,False
E002109,2026-01-09 21:49:32,S009,P0018,view_summary,WS-400,Hospital-LAN,False,normal,False
E002110,2026-01-09 21:50:06,S009,P0179,view_summary,WS-400,Hospital-LAN,False,normal,False
E002111,2026-01-09 21:53:36,S009,P0179,view_summary,WS-400,Hospital-LAN,False,normal,False
E002112,2026-01-09 21:57:32,S003,P0128,view_summary,WS-818,Hospital-LAN,False,normal,False
E002113,2026-01-09 22:11:15,S007,P0131,view_clinical_notes,WS-370,Hospital-LAN,False,normal,False
E002114,2026-01-09 22:13:09,S018,P0130,view_clinical_notes,WS-997,Hospital-LAN,False,normal,False
E002115,2026-01-09 22:20:55,S034,P0042,view_clinical_notes,WS-597,Hospital-LAN,False,normal,False
E002116,2026-01-09 22:21:05,S014,P0136,view_summary,WS-275,Hospital-LAN,False,normal,False
E002117,2026-01-09 22:30:35,S014,P0076,view_clinical_notes,WS-275,Hospital-LAN,False,normal,False
E002118,2026-01-09 22:58:51,S007,P0093,view_summary,WS-370,Hospital-LAN,False,normal,False
E002119,2026-01-09 22:59:08,S034,P0172,view_summary,WS-597,Hospital-LAN,False,normal,False
E002120,2026-01-09 23:07:09,S021,P0055,view_summary,WS-538,Hospital-LAN,False,normal,False
E002121,2026-01-09 23:07:33,S018,P0009,view_clinical_notes,WS-997,Hospital-LAN,False,normal,False
E002122,2026-01-09 23:10:05,S034,P0047,view_clinical_notes,WS-597,Hospital-LAN,False,normal,False
E002123,2026-01-10 00:00:21,S014,P0169,view_summary,WS-275,Hospital-LAN,False,normal,False
E002124,2026-01-10 00:03:12,S018,P0009,view_summary,WS-997,Hospital-LAN,False,normal,False
E002125,2026-01-10 00:10:22,S014,P0151,view_clinical_notes,WS-275,Hospital-LAN,False,normal,False
E002126,2026-01-10 00:20:08,S007,P0036,view_clinical_notes,WS-370,Hospital-LAN,False,normal,False
E002127,2026-01-10 00:29:31,S021,P0163,view_clinical_notes,WS-538,Hospital-LAN,False,normal,False
E002128,2026-01-10 00:42:35,S021,P0054,view_summary,WS-538,Hospital-LAN,False,normal,False
E002129,2026-01-10 00:45:29,S034,P0042,view_summary,WS-597,Hospital-LAN,False,normal,False
E002130,2026-01-10 00:46:44,S007,P0085,view_summary,WS-370,Hospital-LAN,False,normal,False
E002131,2026-01-10 01:04:26,S036,P0134,view_summary,WS-993,Hospital-LAN,False,normal,False
E002132,2026-01-10 01:14:06,S018,P0057,view_clinical_notes,WS-997,Hospital-LAN,False,normal,False
E002133,2026-01-10 01:38:19,S021,P0028,view_clinical_notes,WS-538,Hospital-LAN,False,normal,False
E002134,2026-01-10 01:38:21,S009,P0080,view_clinical_notes,WS-400,Hospital-LAN,False,legit_referral,False
E002135,2026-01-10 01:42:42,S021,P0031,view_clinical_notes,WS-538,Hospital-LAN,False,normal,False
E002136,2026-01-10 01:52:21,S009,P0044,view_summary,WS-400,Hospital-LAN,False,normal,False
E002137,2026-01-10 01:56:48,S036,P0014,view_summary,WS-993,Hospital-LAN,False,normal,False
E002138,2026-01-10 01:57:28,S009,P0090,view_summary,WS-400,Hospital-LAN,False,normal,False
E002139,2026-01-10 02:12:04,S034,P0090,view_clinical_notes,WS-597,Hospital-LAN,False,normal,False
E002140,2026-01-10 02:15:11,S036,P0026,view_summary,WS-993,Hospital-LAN,False,legit_shift_cover,False
E002141,2026-01-10 02:16:21,S018,P0129,view_clinical_notes,WS-997,Hospital-LAN,False,normal,False
E002142,2026-01-10 02:25:29,S009,P0090,view_clinical_notes,WS-400,Hospital-LAN,False,normal,False
E002143,2026-01-10 02:41:57,S021,P0016,view_summary,WS-538,Hospital-LAN,False,normal,False
E002144,2026-01-10 02:44:13,S036,P0144,view_summary,WS-993,Hospital-LAN,False,legit_shift_cover,False
E002145,2026-01-10 03:04:51,S036,P0131,view_summary,WS-993,Hospital-LAN,False,normal,False
E002146,2026-01-10 03:07:00,S032,P0154,view_clinical_notes,UNKNOWN-1529,Ext-IP-VPN,False,credential_compromise,True
E002147,2026-01-10 03:07:40,S032,P0084,view_clinical_notes,UNKNOWN-7657,Ext-IP-VPN,False,credential_compromise,True
E002148,2026-01-10 03:07:56,S009,P0158,view_clinical_notes,WS-400,Hospital-LAN,False,normal,False
E002149,2026-01-10 03:08:20,S032,P0040,view_clinical_notes,UNKNOWN-9515,Ext-IP-VPN,False,credential_compromise,True
E002150,2026-01-10 03:09:00,S032,P0062,view_clinical_notes,UNKNOWN-8703,Ext-IP-VPN,False,credential_compromise,True
E002151,2026-01-10 03:09:40,S032,P0118,view_clinical_notes,UNKNOWN-7313,Ext-IP-VPN,False,credential_compromise,True
E002152,2026-01-10 03:10:20,S032,P0184,view_clinical_notes,UNKNOWN-2152,Ext-IP-VPN,False,credential_compromise,True
E002153,2026-01-10 03:11:00,S032,P0017,view_clinical_notes,UNKNOWN-7833,Ext-IP-VPN,False,credential_compromise,True
E002154,2026-01-10 03:11:40,S032,P0001,view_clinical_notes,UNKNOWN-5260,Ext-IP-VPN,False,credential_compromise,True
E002155,2026-01-10 03:14:05,S034,P0088,view_clinical_notes,WS-597,Hospital-LAN,False,normal,False
E002156,2026-01-10 03:22:09,S003,P0065,view_summary,WS-818,Hospital-LAN,False,normal,False
E002157,2026-01-10 03:38:43,S003,P0026,view_summary,WS-818,Hospital-LAN,False,normal,False
E002158,2026-01-10 03:42:31,S034,P0090,view_clinical_notes,WS-597,Hospital-LAN,False,normal,False
E002159,2026-01-10 03:43:46,S003,P0157,view_clinical_notes,WS-818,Hospital-LAN,False,normal,False
E002160,2026-01-10 03:50:01,S021,P0026,view_summary,WS-538,Hospital-LAN,False,normal,False
E002161,2026-01-10 03:51:26,S009,P0043,view_summary,WS-400,Hospital-LAN,False,normal,False
E002162,2026-01-10 03:55:39,S034,P0182,view_summary,WS-597,Hospital-LAN,False,normal,False
E002163,2026-01-10 03:59:58,S036,P0078,view_summary,WS-993,Hospital-LAN,False,normal,False
E002164,2026-01-10 04:14:29,S018,P0162,view_summary,WS-997,Hospital-LAN,False,normal,False
E002165,2026-01-10 04:24:52,S003,P0060,view_summary,WS-818,Hospital-LAN,False,normal,False
E002166,2026-01-10 04:30:08,S036,P0078,view_summary,WS-993,Hospital-LAN,False,normal,False
E002167,2026-01-10 04:42:53,S021,P0165,view_clinical_notes,WS-538,Hospital-LAN,False,normal,False
E002168,2026-01-10 04:44:56,S007,P0134,view_clinical_notes,WS-370,Hospital-LAN,False,normal,False
E002169,2026-01-10 04:55:23,S007,P0015,view_clinical_notes,WS-370,Hospital-LAN,False,normal,False
E002170,2026-01-10 05:09:28,S014,P0017,view_summary,WS-275,Hospital-LAN,False,normal,False
E002171,2026-01-10 05:37:20,S018,P0094,view_summary,WS-997,Hospital-LAN,False,normal,False
E002172,2026-01-10 05:48:33,S034,P0182,view_clinical_notes,WS-597,Hospital-LAN,False,normal,False
E002173,2026-01-10 06:11:30,S007,P0152,view_clinical_notes,WS-370,Hospital-LAN,False,legit_referral,False
E002174,2026-01-10 06:22:27,S036,P0108,view_clinical_notes,WS-993,Hospital-LAN,False,normal,False
E002175,2026-01-10 06:25:37,S007,P0020,view_clinical_notes,WS-370,Hospital-LAN,False,normal,False
E002176,2026-01-10 06:26:27,S014,P0110,view_clinical_notes,WS-275,Hospital-LAN,False,normal,False
E002177,2026-01-10 06:31:41,S007,P0093,view_summary,WS-370,Hospital-LAN,False,normal,False
E002178,2026-01-10 06:54:58,S018,P0105,view_clinical_notes,WS-997,Hospital-LAN,False,normal,False
E002179,2026-01-10 06:56:53,S009,P0035,view_clinical_notes,WS-400,Hospital-LAN,False,normal,False
E002180,2026-01-10 06:57:20,S018,P0057,view_summary,WS-997,Hospital-LAN,False,normal,False
E002181,2026-01-10 06:58:56,S036,P0014,view_summary,WS-993,Hospital-LAN,False,normal,False
E002182,2026-01-10 06:59:36,S014,P0019,view_summary,WS-275,Hospital-LAN,False,normal,False
E002183,2026-01-10 08:05:03,S035,P0071,view_billing,WS-231,Hospital-LAN,False,normal,False
E002184,2026-01-10 08:05:07,S029,P0140,view_clinical_notes,WS-619,Hospital-LAN,False,normal,False
E002185,2026-01-10 08:08:32,S039,P0115,view_summary,WS-353,Hospital-LAN,False,normal,False
E002186,2026-01-10 08:08:45,S002,P0082,view_clinical_notes,WS-617,Hospital-LAN,False,normal,False
E002187,2026-01-10 08:10:16,S011,P0054,view_clinical_notes,WS-891,Hospital-LAN,False,normal,False
E002188,2026-01-10 08:11:26,S012,P0179,view_summary,WS-384,Hospital-LAN,False,normal,False
E002189,2026-01-10 08:15:02,S011,P0048,view_summary,WS-891,Hospital-LAN,False,normal,False
E002190,2026-01-10 08:18:26,S004,P0113,view_summary,WS-928,Hospital-LAN,False,normal,False
E002191,2026-01-10 08:22:56,S023,P0068,view_summary,WS-193,Hospital-LAN,False,normal,False
E002192,2026-01-10 08:25:39,S019,P0058,view_billing,WS-505,Hospital-LAN,False,normal,False
E002193,2026-01-10 08:26:06,S017,P0111,view_summary,WS-924,Hospital-LAN,False,normal,False
E002194,2026-01-10 08:28:06,S000,P0166,view_clinical_notes,WS-242,Hospital-LAN,False,normal,False
E002195,2026-01-10 08:34:44,S031,P0068,view_summary,WS-880,Hospital-LAN,False,normal,False
E002196,2026-01-10 08:35:28,S029,P0183,view_clinical_notes,WS-619,Hospital-LAN,False,normal,False
E002197,2026-01-10 08:36:22,S005,P0140,view_summary,WS-814,Hospital-LAN,False,normal,False
E002198,2026-01-10 08:38:07,S028,P0197,view_clinical_notes,WS-564,Hospital-LAN,False,normal,False
E002199,2026-01-10 08:38:25,S034,P0033,view_clinical_notes,WS-597,Hospital-LAN,False,family_snooping,True
E002200,2026-01-10 08:38:42,S017,P0193,view_summary,WS-924,Hospital-LAN,False,normal,False
E002201,2026-01-10 08:39:45,S033,P0121,view_summary,WS-159,Hospital-LAN,False,normal,False
E002202,2026-01-10 08:43:53,S030,P0090,view_summary,WS-961,Hospital-LAN,False,normal,False
E002203,2026-01-10 08:43:56,S010,P0085,view_billing,WS-691,Hospital-LAN,False,normal,False
E002204,2026-01-10 08:46:55,S001,P0093,view_billing,WS-704,Hospital-LAN,False,normal,False
E002205,2026-01-10 08:48:54,S035,P0103,view_billing,WS-231,Hospital-LAN,False,normal,False
E002206,2026-01-10 08:49:19,S026,P0092,view_clinical_notes,WS-796,Hospital-LAN,False,normal,False
E002207,2026-01-10 08:51:59,S033,P0131,view_clinical_notes,WS-159,Hospital-LAN,False,normal,False
E002208,2026-01-10 08:52:02,S031,P0009,view_clinical_notes,WS-880,Hospital-LAN,False,normal,False
E002209,2026-01-10 08:53:47,S037,P0171,view_clinical_notes,WS-508,Hospital-LAN,False,low_slow_in_ward,True
E002210,2026-01-10 08:58:33,S010,P0098,view_billing,WS-691,Hospital-LAN,False,normal,False
E002211,2026-01-10 08:58:35,S035,P0007,view_billing,WS-231,Hospital-LAN,False,normal,False
E002212,2026-01-10 09:01:05,S004,P0110,view_summary,WS-928,Hospital-LAN,False,normal,False
E002213,2026-01-10 09:02:08,S029,P0147,view_summary,WS-619,Hospital-LAN,False,normal,False
E002214,2026-01-10 09:08:05,S004,P0033,view_clinical_notes,WS-928,Hospital-LAN,False,normal,False
E002215,2026-01-10 09:11:20,S012,P0184,view_summary,WS-384,Hospital-LAN,True,legit_break_glass,False
E002216,2026-01-10 09:11:29,S038,P0084,view_summary,WS-548,Hospital-LAN,False,normal,False
E002217,2026-01-10 09:13:28,S011,P0171,view_clinical_notes,WS-891,Hospital-LAN,False,normal,False
E002218,2026-01-10 09:20:31,S020,P0030,view_summary,WS-246,Hospital-LAN,False,normal,False
E002219,2026-01-10 09:21:27,S023,P0030,view_summary,WS-193,Hospital-LAN,False,normal,False
E002220,2026-01-10 09:21:32,S025,P0019,view_clinical_notes,WS-494,Hospital-LAN,False,low_slow_in_ward,True
E002221,2026-01-10 09:22:05,S022,P0054,view_summary,WS-324,Hospital-LAN,False,normal,False
E002222,2026-01-10 09:22:14,S010,P0056,view_billing,WS-691,Hospital-LAN,False,normal,False
E002223,2026-01-10 09:22:35,S037,P0148,view_summary,WS-508,Hospital-LAN,False,normal,False
E002224,2026-01-10 09:23:02,S026,P0142,view_summary,WS-796,Hospital-LAN,False,normal,False
E002225,2026-01-10 09:24:16,S010,P0142,view_billing,WS-691,Hospital-LAN,False,normal,False
E002226,2026-01-10 09:25:52,S016,P0187,view_summary,WS-801,Hospital-LAN,False,normal,False
E002227,2026-01-10 09:26:31,S030,P0144,view_summary,WS-961,Hospital-LAN,False,normal,False
E002228,2026-01-10 09:27:38,S001,P0048,view_billing,WS-704,Hospital-LAN,False,normal,False
E002229,2026-01-10 09:32:43,S006,P0193,view_summary,WS-204,Hospital-LAN,False,normal,False
E002230,2026-01-10 09:32:56,S031,P0170,view_clinical_notes,WS-880,Hospital-LAN,False,normal,False
E002231,2026-01-10 09:33:08,S020,P0130,view_summary,WS-246,Hospital-LAN,False,normal,False
E002232,2026-01-10 09:34:47,S031,P0170,view_clinical_notes,WS-880,Hospital-LAN,False,normal,False
E002233,2026-01-10 09:35:14,S023,P0128,view_summary,WS-193,Hospital-LAN,False,normal,False
E002234,2026-01-10 09:37:38,S016,P0122,view_summary,WS-801,Hospital-LAN,False,normal,False
E002235,2026-01-10 09:41:55,S000,P0176,view_summary,WS-242,Hospital-LAN,False,normal,False
E002236,2026-01-10 09:42:22,S010,P0117,view_billing,WS-691,Hospital-LAN,False,normal,False
E002237,2026-01-10 09:44:11,S017,P0068,view_clinical_notes,WS-924,Hospital-LAN,False,normal,False
E002238,2026-01-10 09:48:08,S035,P0162,view_billing,WS-231,Hospital-LAN,False,normal,False
E002239,2026-01-10 09:48:20,S020,P0032,view_summary,WS-246,Hospital-LAN,False,normal,False
E002240,2026-01-10 09:49:51,S005,P0062,view_summary,WS-814,Hospital-LAN,False,normal,False
E002241,2026-01-10 09:51:23,S001,P0114,view_billing,WS-704,Hospital-LAN,False,normal,False
E002242,2026-01-10 09:51:39,S024,P0175,view_billing,WS-256,Hospital-LAN,False,normal,False
E002243,2026-01-10 09:52:00,S031,P0162,view_summary,WS-880,Hospital-LAN,False,normal,False
E002244,2026-01-10 09:54:38,S017,P0013,view_clinical_notes,WS-924,Hospital-LAN,False,normal,False
E002245,2026-01-10 09:56:40,S032,P0019,view_summary,WS-600,Hospital-LAN,False,normal,False
E002246,2026-01-10 10:01:37,S032,P0183,view_clinical_notes,WS-600,Hospital-LAN,False,normal,False
E002247,2026-01-10 10:07:06,S030,P0006,view_summary,WS-961,Hospital-LAN,False,normal,False
E002248,2026-01-10 10:08:17,S004,P0092,view_clinical_notes,WS-928,Hospital-LAN,False,normal,False
E002249,2026-01-10 10:09:03,S015,P0100,view_summary,WS-376,Hospital-LAN,False,normal,False
E002250,2026-01-10 10:11:59,S006,P0196,view_summary,WS-204,Hospital-LAN,False,normal,False
E002251,2026-01-10 10:14:51,S006,P0111,view_summary,WS-204,Hospital-LAN,False,normal,False
E002252,2026-01-10 10:15:49,S031,P0005,view_clinical_notes,WS-880,Hospital-LAN,False,normal,False
E002253,2026-01-10 10:17:17,S026,P0129,view_clinical_notes,WS-796,Hospital-LAN,False,family_snooping,True
E002254,2026-01-10 10:22:32,S030,P0004,view_summary,WS-961,Hospital-LAN,False,normal,False
E002255,2026-01-10 10:28:04,S000,P0105,view_clinical_notes,WS-242,Hospital-LAN,False,normal,False
E002256,2026-01-10 10:31:44,S001,P0131,view_billing,WS-704,Hospital-LAN,False,normal,False
E002257,2026-01-10 10:36:40,S010,P0078,view_clinical_notes,WS-691,Hospital-LAN,False,role_abuse,True
E002258,2026-01-10 10:38:31,S023,P0026,view_summary,WS-193,Hospital-LAN,False,normal,False
E002259,2026-01-10 10:39:08,S005,P0054,view_summary,WS-814,Hospital-LAN,False,normal,False
E002260,2026-01-10 10:39:13,S023,P0074,view_summary,WS-193,Hospital-LAN,False,normal,False
E002261,2026-01-10 10:40:24,S033,P0173,view_summary,WS-159,Hospital-LAN,False,normal,False
E002262,2026-01-10 10:40:32,S011,P0016,view_summary,WS-891,Hospital-LAN,False,normal,False
E002263,2026-01-10 10:40:38,S031,P0000,view_summary,WS-880,Hospital-LAN,False,normal,False
E002264,2026-01-10 10:40:53,S039,P0073,view_summary,WS-353,Hospital-LAN,False,normal,False
E002265,2026-01-10 10:43:35,S019,P0030,view_billing,WS-505,Hospital-LAN,False,normal,False
E002266,2026-01-10 10:43:58,S028,P0025,export_record,WS-564,Hospital-LAN,False,bulk_theft,True
E002267,2026-01-10 10:44:13,S028,P0098,export_record,WS-564,Hospital-LAN,False,bulk_theft,True
E002268,2026-01-10 10:44:28,S001,P0092,view_billing,WS-704,Hospital-LAN,False,normal,False
E002269,2026-01-10 10:44:28,S028,P0148,export_record,WS-564,Hospital-LAN,False,bulk_theft,True
E002270,2026-01-10 10:44:43,S028,P0167,export_record,WS-564,Hospital-LAN,False,bulk_theft,True
E002271,2026-01-10 10:44:58,S028,P0107,export_record,WS-564,Hospital-LAN,False,bulk_theft,True
E002272,2026-01-10 10:45:13,S028,P0195,export_record,WS-564,Hospital-LAN,False,bulk_theft,True
E002273,2026-01-10 10:45:28,S028,P0105,export_record,WS-564,Hospital-LAN,False,bulk_theft,True
E002274,2026-01-10 10:45:43,S028,P0048,export_record,WS-564,Hospital-LAN,False,bulk_theft,True
E002275,2026-01-10 10:45:58,S028,P0162,export_record,WS-564,Hospital-LAN,False,bulk_theft,True
E002276,2026-01-10 10:46:13,S028,P0007,export_record,WS-564,Hospital-LAN,False,bulk_theft,True
E002277,2026-01-10 10:46:28,S028,P0158,export_record,WS-564,Hospital-LAN,False,bulk_theft,True
E002278,2026-01-10 10:46:43,S011,P0106,view_clinical_notes,WS-891,Hospital-LAN,False,normal,False
E002279,2026-01-10 10:46:43,S028,P0057,export_record,WS-564,Hospital-LAN,False,bulk_theft,True
E002280,2026-01-10 10:46:48,S031,P0166,view_summary,WS-880,Hospital-LAN,False,normal,False
E002281,2026-01-10 10:46:58,S028,P0035,export_record,WS-564,Hospital-LAN,False,bulk_theft,True
E002282,2026-01-10 10:47:13,S028,P0156,export_record,WS-564,Hospital-LAN,False,bulk_theft,True
E002283,2026-01-10 10:47:28,S028,P0189,export_record,WS-564,Hospital-LAN,False,bulk_theft,True
E002284,2026-01-10 10:47:43,S028,P0128,export_record,WS-564,Hospital-LAN,False,bulk_theft,True
E002285,2026-01-10 10:47:58,S028,P0020,export_record,WS-564,Hospital-LAN,False,bulk_theft,True
E002286,2026-01-10 10:48:13,S028,P0153,export_record,WS-564,Hospital-LAN,False,bulk_theft,True
E002287,2026-01-10 10:48:28,S028,P0146,export_record,WS-564,Hospital-LAN,False,bulk_theft,True
E002288,2026-01-10 10:48:43,S028,P0104,export_record,WS-564,Hospital-LAN,False,bulk_theft,True
E002289,2026-01-10 10:48:50,S005,P0108,view_summary,WS-814,Hospital-LAN,False,normal,False
E002290,2026-01-10 10:48:58,S028,P0005,export_record,WS-564,Hospital-LAN,False,bulk_theft,True
E002291,2026-01-10 10:49:13,S028,P0083,export_record,WS-564,Hospital-LAN,False,bulk_theft,True
E002292,2026-01-10 10:49:28,S028,P0186,export_record,WS-564,Hospital-LAN,False,bulk_theft,True
E002293,2026-01-10 10:49:43,S028,P0063,export_record,WS-564,Hospital-LAN,False,bulk_theft,True
E002294,2026-01-10 10:49:55,S032,P0092,view_summary,WS-600,Hospital-LAN,False,normal,False
E002295,2026-01-10 10:49:58,S028,P0042,export_record,WS-564,Hospital-LAN,False,bulk_theft,True
E002296,2026-01-10 10:50:13,S028,P0145,export_record,WS-564,Hospital-LAN,False,bulk_theft,True
E002297,2026-01-10 10:50:28,S028,P0160,export_record,WS-564,Hospital-LAN,False,bulk_theft,True
E002298,2026-01-10 10:50:43,S028,P0120,export_record,WS-564,Hospital-LAN,False,bulk_theft,True
E002299,2026-01-10 10:50:58,S028,P0023,export_record,WS-564,Hospital-LAN,False,bulk_theft,True
E002300,2026-01-10 10:51:13,S028,P0094,export_record,WS-564,Hospital-LAN,False,bulk_theft,True
E002301,2026-01-10 10:51:47,S012,P0042,view_clinical_notes,WS-384,Hospital-LAN,False,normal,False
E002302,2026-01-10 10:53:10,S022,P0196,view_summary,WS-324,Hospital-LAN,False,normal,False
E002303,2026-01-10 10:54:02,S015,P0079,view_clinical_notes,WS-376,Hospital-LAN,False,normal,False
E002304,2026-01-10 10:54:44,S023,P0135,view_summary,WS-193,Hospital-LAN,False,normal,False
E002305,2026-01-10 10:55:30,S008,P0154,view_billing,WS-649,Hospital-LAN,False,normal,False
E002306,2026-01-10 11:01:39,S027,P0199,view_billing,WS-887,Hospital-LAN,False,normal,False
E002307,2026-01-10 11:02:29,S008,P0013,view_billing,WS-649,Hospital-LAN,False,normal,False
E002308,2026-01-10 11:02:30,S006,P0083,view_clinical_notes,WS-204,Hospital-LAN,False,normal,False
E002309,2026-01-10 11:10:21,S025,P0092,view_summary,WS-494,Hospital-LAN,False,normal,False
E002310,2026-01-10 11:19:02,S029,P0140,view_clinical_notes,WS-619,Hospital-LAN,False,normal,False
E002311,2026-01-10 11:20:15,S006,P0094,view_clinical_notes,WS-204,Hospital-LAN,False,normal,False
E002312,2026-01-10 11:21:15,S037,P0119,view_summary,WS-508,Hospital-LAN,False,normal,False
E002313,2026-01-10 11:22:31,S004,P0183,view_clinical_notes,WS-928,Hospital-LAN,False,low_slow_in_ward,True
E002314,2026-01-10 11:23:31,S008,P0156,view_billing,WS-649,Hospital-LAN,False,normal,False
E002315,2026-01-10 11:35:25,S039,P0099,view_summary,WS-353,Hospital-LAN,False,normal,False
E002316,2026-01-10 11:35:27,S012,P0149,view_summary,WS-384,Hospital-LAN,False,normal,False
E002317,2026-01-10 11:36:32,S037,P0164,view_clinical_notes,WS-508,Hospital-LAN,False,normal,False
E002318,2026-01-10 11:37:32,S035,P0098,view_billing,WS-231,Hospital-LAN,False,normal,False
E002319,2026-01-10 11:39:15,S016,P0144,view_summary,WS-801,Hospital-LAN,False,normal,False
E002320,2026-01-10 11:39:34,S024,P0151,view_billing,WS-256,Hospital-LAN,False,normal,False
E002321,2026-01-10 11:39:38,S032,P0019,view_summary,WS-600,Hospital-LAN,False,normal,False
E002322,2026-01-10 11:45:38,S026,P0032,view_clinical_notes,WS-796,Hospital-LAN,False,normal,False
E002323,2026-01-10 11:51:43,S032,P0155,view_summary,WS-600,Hospital-LAN,False,normal,False
E002324,2026-01-10 11:56:53,S008,P0053,view_billing,WS-649,Hospital-LAN,False,normal,False
E002325,2026-01-10 11:58:32,S020,P0186,view_summary,WS-246,Hospital-LAN,False,normal,False
E002326,2026-01-10 12:06:38,S027,P0086,view_billing,WS-887,Hospital-LAN,False,normal,False
E002327,2026-01-10 12:10:09,S032,P0160,view_clinical_notes,WS-600,Hospital-LAN,False,normal,False
E002328,2026-01-10 12:12:02,S017,P0000,view_summary,WS-924,Hospital-LAN,False,normal,False
E002329,2026-01-10 12:15:06,S025,P0136,view_summary,WS-494,Hospital-LAN,False,normal,False
E002330,2026-01-10 12:15:47,S027,P0112,view_billing,WS-887,Hospital-LAN,False,normal,False
E002331,2026-01-10 12:18:31,S030,P0022,view_summary,WS-961,Hospital-LAN,False,normal,False
E002332,2026-01-10 12:21:30,S031,P0013,view_summary,WS-880,Hospital-LAN,False,normal,False
E002333,2026-01-10 12:25:04,S016,P0157,view_summary,WS-801,Hospital-LAN,False,normal,False
E002334,2026-01-10 12:28:23,S004,P0180,view_clinical_notes,WS-928,Hospital-LAN,False,normal,False
E002335,2026-01-10 12:28:26,S038,P0058,view_summary,WS-548,Hospital-LAN,False,normal,False
E002336,2026-01-10 12:28:38,S001,P0188,view_billing,WS-704,Hospital-LAN,False,normal,False
E002337,2026-01-10 12:36:17,S005,P0135,view_summary,WS-814,Hospital-LAN,False,normal,False
E002338,2026-01-10 12:40:50,S001,P0015,view_billing,WS-704,Hospital-LAN,False,normal,False
E002339,2026-01-10 12:43:43,S022,P0032,view_summary,WS-324,Hospital-LAN,False,normal,False
E002340,2026-01-10 12:45:32,S008,P0106,view_billing,WS-649,Hospital-LAN,False,normal,False
E002341,2026-01-10 12:47:52,S026,P0180,view_clinical_notes,WS-796,Hospital-LAN,False,normal,False
E002342,2026-01-10 12:49:38,S027,P0131,view_billing,WS-887,Hospital-LAN,False,normal,False
E002343,2026-01-10 12:52:04,S006,P0118,view_clinical_notes,WS-204,Hospital-LAN,False,normal,False
E002344,2026-01-10 12:53:32,S026,P0140,view_summary,WS-796,Hospital-LAN,False,normal,False
E002345,2026-01-10 12:55:02,S005,P0118,view_summary,WS-814,Hospital-LAN,False,normal,False
E002346,2026-01-10 12:55:41,S005,P0033,view_summary,WS-814,Hospital-LAN,False,normal,False
E002347,2026-01-10 12:55:53,S013,P0129,view_summary,WS-463,Hospital-LAN,False,normal,False
E002348,2026-01-10 12:59:14,S026,P0029,view_summary,WS-796,Hospital-LAN,False,normal,False
E002349,2026-01-10 13:02:04,S027,P0057,view_billing,WS-887,Hospital-LAN,False,normal,False
E002350,2026-01-10 13:05:20,S019,P0015,view_billing,WS-505,Hospital-LAN,False,normal,False
E002351,2026-01-10 13:06:05,S001,P0086,view_billing,WS-704,Hospital-LAN,False,normal,False
E002352,2026-01-10 13:11:40,S027,P0199,view_billing,WS-887,Hospital-LAN,False,normal,False
E002353,2026-01-10 13:12:43,S026,P0098,view_clinical_notes,WS-796,Hospital-LAN,False,normal,False
E002354,2026-01-10 13:13:05,S033,P0015,view_summary,WS-159,Hospital-LAN,False,normal,False
E002355,2026-01-10 13:17:12,S037,P0164,view_clinical_notes,WS-508,Hospital-LAN,False,normal,False
E002356,2026-01-10 13:21:43,S002,P0009,view_clinical_notes,WS-617,Hospital-LAN,False,normal,False
E002357,2026-01-10 13:23:06,S004,P0019,view_summary,WS-928,Hospital-LAN,False,normal,False
E002358,2026-01-10 13:23:18,S010,P0057,view_billing,WS-691,Hospital-LAN,False,normal,False
E002359,2026-01-10 13:32:04,S000,P0077,view_clinical_notes,WS-242,Hospital-LAN,False,normal,False
E002360,2026-01-10 13:34:10,S029,P0115,view_summary,WS-619,Hospital-LAN,False,normal,False
E002361,2026-01-10 13:35:41,S016,P0019,view_summary,WS-801,Hospital-LAN,False,normal,False
E002362,2026-01-10 13:37:59,S022,P0028,view_summary,WS-324,Hospital-LAN,False,normal,False
E002363,2026-01-10 13:38:06,S035,P0076,view_billing,WS-231,Hospital-LAN,False,normal,False
E002364,2026-01-10 13:38:27,S028,P0099,view_clinical_notes,WS-564,Hospital-LAN,False,normal,False
E002365,2026-01-10 13:38:30,S000,P0111,view_summary,WS-242,Hospital-LAN,False,normal,False
E002366,2026-01-10 13:39:54,S032,P0115,view_summary,WS-600,Hospital-LAN,False,normal,False
E002367,2026-01-10 13:39:55,S012,P0088,view_summary,WS-384,Hospital-LAN,False,normal,False
E002368,2026-01-10 13:42:25,S028,P0102,view_summary,WS-564,Hospital-LAN,False,normal,False
E002369,2026-01-10 13:44:25,S038,P0185,view_summary,WS-548,Hospital-LAN,False,normal,False
E002370,2026-01-10 13:44:37,S020,P0049,view_summary,WS-246,Hospital-LAN,False,normal,False
E002371,2026-01-10 13:46:08,S013,P0068,view_summary,WS-463,Hospital-LAN,False,normal,False
E002372,2026-01-10 13:49:05,S013,P0057,view_summary,WS-463,Hospital-LAN,False,normal,False
E002373,2026-01-10 13:50:22,S023,P0012,view_summary,WS-193,Hospital-LAN,False,normal,False
E002374,2026-01-10 13:53:03,S025,P0188,view_clinical_notes,WS-494,Hospital-LAN,False,normal,False
E002375,2026-01-10 13:55:21,S028,P0040,view_summary,WS-564,Hospital-LAN,False,normal,False
E002376,2026-01-10 13:55:52,S005,P0023,view_summary,WS-814,Hospital-LAN,False,normal,False
E002377,2026-01-10 13:59:39,S002,P0082,view_summary,WS-617,Hospital-LAN,False,normal,False
E002378,2026-01-10 14:00:40,S033,P0175,view_summary,WS-159,Hospital-LAN,False,normal,False
E002379,2026-01-10 14:04:56,S006,P0096,view_clinical_notes,WS-204,Hospital-LAN,False,normal,False
E002380,2026-01-10 14:07:57,S022,P0130,view_summary,WS-324,Hospital-LAN,False,normal,False
E002381,2026-01-10 14:08:06,S011,P0007,view_summary,WS-891,Hospital-LAN,False,normal,False
E002382,2026-01-10 14:12:39,S033,P0153,view_clinical_notes,WS-159,Hospital-LAN,False,normal,False
E002383,2026-01-10 14:13:26,S012,P0145,view_clinical_notes,WS-384,Hospital-LAN,False,normal,False
E002384,2026-01-10 14:13:32,S020,P0060,view_summary,WS-246,Hospital-LAN,False,normal,False
E002385,2026-01-10 14:14:06,S033,P0159,view_summary,WS-159,Hospital-LAN,False,normal,False
E002386,2026-01-10 14:14:57,S024,P0104,view_billing,WS-256,Hospital-LAN,False,normal,False
E002387,2026-01-10 14:16:58,S038,P0014,view_summary,WS-548,Hospital-LAN,False,normal,False
E002388,2026-01-10 14:17:28,S012,P0044,view_summary,WS-384,Hospital-LAN,False,normal,False
E002389,2026-01-10 14:25:51,S038,P0116,view_summary,WS-548,Hospital-LAN,False,normal,False
E002390,2026-01-10 14:25:52,S026,P0147,view_summary,WS-796,Hospital-LAN,False,normal,False
E002391,2026-01-10 14:29:26,S035,P0108,view_billing,WS-231,Hospital-LAN,False,normal,False
E002392,2026-01-10 14:30:53,S032,P0126,view_clinical_notes,WS-600,Hospital-LAN,False,legit_referral,False
E002393,2026-01-10 14:35:28,S039,P0129,view_summary,WS-353,Hospital-LAN,False,normal,False
E002394,2026-01-10 14:39:47,S002,P0170,view_clinical_notes,WS-617,Hospital-LAN,False,normal,False
E002395,2026-01-10 14:42:00,S035,P0122,view_billing,WS-231,Hospital-LAN,False,normal,False
E002396,2026-01-10 14:48:41,S037,P0031,view_summary,WS-508,Hospital-LAN,False,normal,False
E002397,2026-01-10 14:51:01,S025,P0147,view_clinical_notes,WS-494,Hospital-LAN,False,normal,False
E002398,2026-01-10 14:57:20,S033,P0116,view_summary,WS-159,Hospital-LAN,False,normal,False
E002399,2026-01-10 14:58:04,S022,P0065,view_summary,WS-324,Hospital-LAN,False,normal,False
E002400,2026-01-10 15:00:31,S025,P0119,view_summary,WS-494,Hospital-LAN,False,legit_shift_cover,False
E002401,2026-01-10 15:02:03,S000,P0083,view_clinical_notes,WS-242,Hospital-LAN,False,normal,False
E002402,2026-01-10 15:05:38,S015,P0012,view_summary,WS-376,Hospital-LAN,False,normal,False
E002403,2026-01-10 15:05:43,S013,P0129,view_clinical_notes,WS-463,Hospital-LAN,False,normal,False
E002404,2026-01-10 15:10:14,S011,P0125,view_summary,WS-891,Hospital-LAN,False,normal,False
E002405,2026-01-10 15:13:37,S011,P0051,view_clinical_notes,WS-891,Hospital-LAN,False,normal,False
E002406,2026-01-10 15:14:20,S013,P0117,view_clinical_notes,WS-463,Hospital-LAN,False,normal,False
E002407,2026-01-10 15:15:24,S025,P0040,view_summary,WS-494,Hospital-LAN,False,vip_snooping,True
E002408,2026-01-10 15:19:15,S023,P0055,view_summary,WS-193,Hospital-LAN,False,normal,False
E002409,2026-01-10 15:20:15,S038,P0174,view_summary,WS-548,Hospital-LAN,False,normal,False
E002410,2026-01-10 15:20:44,S012,P0003,view_summary,WS-384,Hospital-LAN,False,normal,False
E002411,2026-01-10 15:20:47,S037,P0045,view_summary,WS-508,Hospital-LAN,False,normal,False
E002412,2026-01-10 15:21:50,S010,P0115,view_clinical_notes,WS-691,Hospital-LAN,False,role_abuse,True
E002413,2026-01-10 15:22:45,S022,P0147,view_summary,WS-324,Hospital-LAN,False,normal,False
E002414,2026-01-10 15:24:04,S016,P0090,view_summary,WS-801,Hospital-LAN,False,normal,False
E002415,2026-01-10 15:31:07,S022,P0189,view_summary,WS-324,Hospital-LAN,False,normal,False
E002416,2026-01-10 15:35:35,S004,P0140,view_clinical_notes,WS-928,Hospital-LAN,False,normal,False
E002417,2026-01-10 15:37:55,S032,P0192,view_summary,WS-600,Hospital-LAN,False,normal,False
E002418,2026-01-10 15:39:43,S028,P0167,view_clinical_notes,WS-564,Hospital-LAN,False,normal,False
E002419,2026-01-10 15:40:40,S033,P0175,view_clinical_notes,WS-159,Hospital-LAN,False,normal,False
E002420,2026-01-10 15:41:32,S026,P0180,view_summary,WS-796,Hospital-LAN,False,normal,False
E002421,2026-01-10 15:42:59,S017,P0005,view_clinical_notes,WS-924,Hospital-LAN,False,normal,False
E002422,2026-01-10 15:43:18,S019,P0039,view_clinical_notes,WS-505,Hospital-LAN,False,role_abuse,True
E002423,2026-01-10 15:45:28,S013,P0117,view_clinical_notes,WS-463,Hospital-LAN,False,normal,False
E002424,2026-01-10 15:46:12,S013,P0000,view_clinical_notes,WS-463,Hospital-LAN,False,normal,False
E002425,2026-01-10 15:46:14,S038,P0089,view_summary,WS-548,Hospital-LAN,False,normal,False
E002426,2026-01-10 15:46:56,S037,P0125,view_clinical_notes,WS-508,Hospital-LAN,False,normal,False
E002427,2026-01-10 15:50:08,S032,P0098,view_clinical_notes,WS-600,Hospital-LAN,False,normal,False
E002428,2026-01-10 15:53:51,S038,P0129,view_summary,WS-548,Hospital-LAN,False,normal,False
E002429,2026-01-10 15:54:31,S015,P0199,view_summary,WS-376,Hospital-LAN,False,normal,False
E002430,2026-01-10 15:55:44,S028,P0126,view_summary,WS-564,Hospital-LAN,False,normal,False
E002431,2026-01-10 15:57:18,S019,P0198,view_billing,WS-505,Hospital-LAN,False,normal,False
E002432,2026-01-10 15:58:51,S000,P0118,view_summary,WS-242,Hospital-LAN,False,normal,False
E002433,2026-01-10 15:59:20,S019,P0041,view_billing,WS-505,Hospital-LAN,False,normal,False
E002434,2026-01-10 16:00:43,S017,P0000,view_summary,WS-924,Hospital-LAN,False,normal,False
E002435,2026-01-10 16:02:42,S024,P0116,view_billing,WS-256,Hospital-LAN,False,normal,False
E002436,2026-01-10 16:05:56,S039,P0158,view_summary,WS-353,Hospital-LAN,False,normal,False
E002437,2026-01-10 16:06:52,S016,P0116,view_summary,WS-801,Hospital-LAN,False,normal,False
E002438,2026-01-10 16:07:40,S033,P0131,view_clinical_notes,WS-159,Hospital-LAN,False,normal,False
E002439,2026-01-10 16:10:26,S010,P0143,view_billing,WS-691,Hospital-LAN,False,normal,False
E002440,2026-01-10 16:13:27,S005,P0027,view_summary,WS-814,Hospital-LAN,False,normal,False
E002441,2026-01-10 16:13:56,S038,P0107,view_summary,WS-548,Hospital-LAN,False,normal,False
E002442,2026-01-10 16:14:11,S010,P0137,view_billing,WS-691,Hospital-LAN,False,normal,False
E002443,2026-01-10 16:16:15,S012,P0090,view_clinical_notes,WS-384,Hospital-LAN,False,normal,False
E002444,2026-01-10 16:17:39,S015,P0063,view_summary,WS-376,Hospital-LAN,False,normal,False
E002445,2026-01-10 16:17:51,S001,P0022,view_billing,WS-704,Hospital-LAN,False,normal,False
E002446,2026-01-10 16:22:20,S013,P0146,view_clinical_notes,WS-463,Hospital-LAN,False,normal,False
E002447,2026-01-10 16:25:32,S002,P0002,view_summary,WS-617,Hospital-LAN,False,normal,False
E002448,2026-01-10 16:25:40,S008,P0032,view_billing,WS-649,Hospital-LAN,False,normal,False
E002449,2026-01-10 16:26:11,S013,P0190,view_summary,WS-463,Hospital-LAN,True,legit_break_glass,False
E002450,2026-01-10 16:29:09,S002,P0129,view_summary,WS-617,Hospital-LAN,False,normal,False
E002451,2026-01-10 16:29:25,S016,P0155,view_summary,WS-801,Hospital-LAN,False,normal,False
E002452,2026-01-10 16:40:29,S024,P0199,view_billing,WS-256,Hospital-LAN,False,normal,False
E002453,2026-01-10 16:40:46,S002,P0129,view_clinical_notes,WS-617,Hospital-LAN,False,normal,False
E002454,2026-01-10 16:40:47,S027,P0061,view_billing,WS-887,Hospital-LAN,False,normal,False
E002455,2026-01-10 16:41:07,S024,P0169,view_billing,WS-256,Hospital-LAN,False,normal,False
E002456,2026-01-10 16:44:15,S016,P0046,view_summary,WS-801,Hospital-LAN,False,normal,False
E002457,2026-01-10 16:44:31,S013,P0037,view_summary,WS-463,Hospital-LAN,False,normal,False
E002458,2026-01-10 16:46:07,S037,P0156,view_summary,WS-508,Hospital-LAN,False,normal,False
E002459,2026-01-10 16:46:59,S030,P0194,view_summary,WS-961,Hospital-LAN,False,normal,False
E002460,2026-01-10 16:49:20,S038,P0068,view_summary,WS-548,Hospital-LAN,False,normal,False
E002461,2026-01-10 16:50:15,S025,P0019,view_clinical_notes,WS-494,Hospital-LAN,False,normal,False
E002462,2026-01-10 16:51:58,S006,P0137,view_clinical_notes,WS-204,Hospital-LAN,False,normal,False
E002463,2026-01-10 16:52:48,S010,P0171,view_billing,WS-691,Hospital-LAN,False,normal,False
E002464,2026-01-10 16:54:49,S006,P0114,view_summary,WS-204,Hospital-LAN,False,legit_shift_cover,False
E002465,2026-01-10 16:56:36,S008,P0008,view_billing,WS-649,Hospital-LAN,False,normal,False
E002466,2026-01-10 17:00:33,S022,P0150,view_summary,WS-324,Hospital-LAN,False,normal,False
E002467,2026-01-10 17:05:03,S027,P0036,view_billing,WS-887,Hospital-LAN,False,normal,False
E002468,2026-01-10 17:05:40,S002,P0160,view_summary,WS-617,Hospital-LAN,False,vip_snooping,True
E002469,2026-01-10 17:06:24,S031,P0086,view_summary,WS-880,Hospital-LAN,False,normal,False
E002470,2026-01-10 17:19:50,S002,P0193,view_summary,WS-617,Hospital-LAN,False,normal,False
E002471,2026-01-10 17:21:23,S012,P0044,view_clinical_notes,WS-384,Hospital-LAN,False,normal,False
E002472,2026-01-10 17:21:32,S002,P0170,view_clinical_notes,WS-617,Hospital-LAN,False,normal,False
E002473,2026-01-10 17:24:01,S033,P0173,view_summary,WS-159,Hospital-LAN,False,normal,False
E002474,2026-01-10 17:30:16,S002,P0196,view_summary,WS-617,Hospital-LAN,False,normal,False
E002475,2026-01-10 17:30:42,S037,P0156,view_clinical_notes,WS-508,Hospital-LAN,False,normal,False
E002476,2026-01-10 17:33:10,S004,P0160,view_clinical_notes,WS-928,Hospital-LAN,False,normal,False
E002477,2026-01-10 17:33:14,S019,P0073,view_billing,WS-505,Hospital-LAN,False,normal,False
E002478,2026-01-10 17:34:10,S005,P0085,view_summary,WS-814,Hospital-LAN,False,normal,False
E002479,2026-01-10 17:34:57,S035,P0148,view_billing,WS-231,Hospital-LAN,False,normal,False
E002480,2026-01-10 17:35:22,S010,P0019,view_billing,WS-691,Hospital-LAN,False,normal,False
E002481,2026-01-10 17:35:50,S000,P0146,view_summary,WS-242,Hospital-LAN,False,normal,False
E002482,2026-01-10 17:36:40,S011,P0007,view_clinical_notes,WS-891,Hospital-LAN,False,normal,False
E002483,2026-01-10 17:37:04,S011,P0060,view_clinical_notes,WS-891,Hospital-LAN,False,normal,False
E002484,2026-01-10 17:38:32,S000,P0086,view_clinical_notes,WS-242,Hospital-LAN,False,normal,False
E002485,2026-01-10 17:38:50,S004,P0098,view_clinical_notes,WS-928,Hospital-LAN,False,normal,False
E002486,2026-01-10 17:40:07,S017,P0137,view_summary,WS-924,Hospital-LAN,False,normal,False
E002487,2026-01-10 17:40:31,S032,P0029,view_summary,WS-600,Hospital-LAN,False,normal,False
E002488,2026-01-10 17:40:50,S024,P0186,view_billing,WS-256,Hospital-LAN,False,normal,False
E002489,2026-01-10 17:42:30,S015,P0150,view_clinical_notes,WS-376,Hospital-LAN,False,normal,False
E002490,2026-01-10 17:43:14,S012,P0024,view_clinical_notes,WS-384,Hospital-LAN,False,normal,False
E002491,2026-01-10 17:46:58,S019,P0116,view_billing,WS-505,Hospital-LAN,False,normal,False
E002492,2026-01-10 17:47:00,S030,P0114,view_summary,WS-961,Hospital-LAN,False,normal,False
E002493,2026-01-10 17:48:16,S015,P0012,view_clinical_notes,WS-376,Hospital-LAN,False,normal,False
E002494,2026-01-10 17:51:01,S025,P0174,view_summary,WS-494,Hospital-LAN,False,normal,False
E002495,2026-01-10 17:52:49,S011,P0054,view_clinical_notes,WS-891,Hospital-LAN,False,normal,False
E002496,2026-01-10 17:56:31,S015,P0070,view_summary,WS-376,Hospital-LAN,False,normal,False
E002497,2026-01-10 17:56:50,S000,P0167,export_record,WS-242,Hospital-LAN,False,bulk_theft,True
E002498,2026-01-10 17:57:05,S000,P0099,export_record,WS-242,Hospital-LAN,False,bulk_theft,True
E002499,2026-01-10 17:57:20,S000,P0141,export_record,WS-242,Hospital-LAN,False,bulk_theft,True
E002500,2026-01-10 17:57:28,S031,P0170,view_summary,WS-880,Hospital-LAN,False,normal,False
E002501,2026-01-10 17:57:35,S000,P0130,export_record,WS-242,Hospital-LAN,False,bulk_theft,True
E002502,2026-01-10 17:57:42,S022,P0153,view_summary,WS-324,Hospital-LAN,False,normal,False
E002503,2026-01-10 17:57:50,S000,P0049,export_record,WS-242,Hospital-LAN,False,bulk_theft,True
E002504,2026-01-10 17:58:05,S000,P0041,export_record,WS-242,Hospital-LAN,False,bulk_theft,True
E002505,2026-01-10 17:58:20,S000,P0117,export_record,WS-242,Hospital-LAN,False,bulk_theft,True
E002506,2026-01-10 17:58:35,S000,P0094,export_record,WS-242,Hospital-LAN,False,bulk_theft,True
E002507,2026-01-10 17:58:37,S027,P0117,view_billing,WS-887,Hospital-LAN,False,normal,False
E002508,2026-01-10 17:58:50,S000,P0185,export_record,WS-242,Hospital-LAN,False,bulk_theft,True
E002509,2026-01-10 17:59:05,S000,P0061,export_record,WS-242,Hospital-LAN,False,bulk_theft,True
E002510,2026-01-10 17:59:20,S000,P0044,export_record,WS-242,Hospital-LAN,False,bulk_theft,True
E002511,2026-01-10 17:59:35,S000,P0120,export_record,WS-242,Hospital-LAN,False,bulk_theft,True
E002512,2026-01-10 17:59:50,S000,P0182,export_record,WS-242,Hospital-LAN,False,bulk_theft,True
E002513,2026-01-10 18:00:05,S000,P0051,export_record,WS-242,Hospital-LAN,False,bulk_theft,True
E002514,2026-01-10 18:00:20,S000,P0082,export_record,WS-242,Hospital-LAN,False,bulk_theft,True
E002515,2026-01-10 18:00:35,S000,P0033,export_record,WS-242,Hospital-LAN,False,bulk_theft,True
E002516,2026-01-10 18:00:50,S000,P0075,export_record,WS-242,Hospital-LAN,False,bulk_theft,True
E002517,2026-01-10 18:01:05,S000,P0016,export_record,WS-242,Hospital-LAN,False,bulk_theft,True
E002518,2026-01-10 18:01:20,S000,P0007,export_record,WS-242,Hospital-LAN,False,bulk_theft,True
E002519,2026-01-10 18:01:35,S000,P0052,export_record,WS-242,Hospital-LAN,False,bulk_theft,True
E002520,2026-01-10 18:01:50,S000,P0147,export_record,WS-242,Hospital-LAN,False,bulk_theft,True
E002521,2026-01-10 18:02:05,S000,P0118,export_record,WS-242,Hospital-LAN,False,bulk_theft,True
E002522,2026-01-10 18:02:20,S000,P0193,export_record,WS-242,Hospital-LAN,False,bulk_theft,True
E002523,2026-01-10 18:02:35,S000,P0062,export_record,WS-242,Hospital-LAN,False,bulk_theft,True
E002524,2026-01-10 18:02:50,S000,P0175,export_record,WS-242,Hospital-LAN,False,bulk_theft,True
E002525,2026-01-10 18:03:03,S013,P0083,view_summary,WS-463,Hospital-LAN,False,normal,False
E002526,2026-01-10 18:03:05,S000,P0154,export_record,WS-242,Hospital-LAN,False,bulk_theft,True
E002527,2026-01-10 18:03:20,S000,P0113,export_record,WS-242,Hospital-LAN,False,bulk_theft,True
E002528,2026-01-10 18:03:35,S000,P0190,export_record,WS-242,Hospital-LAN,False,bulk_theft,True
E002529,2026-01-10 18:03:50,S000,P0045,export_record,WS-242,Hospital-LAN,False,bulk_theft,True
E002530,2026-01-10 18:04:05,S000,P0178,export_record,WS-242,Hospital-LAN,False,bulk_theft,True
E002531,2026-01-10 18:04:22,S026,P0195,view_summary,WS-796,Hospital-LAN,False,normal,False
E002532,2026-01-10 18:05:55,S024,P0044,view_billing,WS-256,Hospital-LAN,False,normal,False
E002533,2026-01-10 18:06:11,S020,P0093,view_summary,WS-246,Hospital-LAN,False,normal,False
E002534,2026-01-10 18:06:56,S022,P0087,view_summary,WS-324,Hospital-LAN,False,normal,False
E002535,2026-01-10 18:07:35,S039,P0114,view_summary,WS-353,Hospital-LAN,False,normal,False
E002536,2026-01-10 18:10:05,S029,P0142,view_clinical_notes,WS-619,Hospital-LAN,False,normal,False
E002537,2026-01-10 18:10:11,S023,P0132,view_summary,WS-193,Hospital-LAN,False,normal,False
E002538,2026-01-10 18:12:00,S028,P0080,view_summary,WS-564,Hospital-LAN,False,normal,False
E002539,2026-01-10 18:12:30,S030,P0175,view_summary,WS-961,Hospital-LAN,False,normal,False
E002540,2026-01-10 18:13:24,S012,P0024,view_clinical_notes,WS-384,Hospital-LAN,False,normal,False
E002541,2026-01-10 18:15:01,S038,P0076,view_summary,WS-548,Hospital-LAN,False,normal,False
E002542,2026-01-10 18:19:50,S000,P0068,view_summary,WS-242,Hospital-LAN,False,normal,False
E002543,2026-01-10 18:23:55,S028,P0025,view_clinical_notes,WS-564,Hospital-LAN,False,normal,False
E002544,2026-01-10 18:28:09,S024,P0191,view_billing,WS-256,Hospital-LAN,False,normal,False
E002545,2026-01-10 18:28:14,S028,P0178,view_clinical_notes,WS-564,Hospital-LAN,False,normal,False
E002546,2026-01-10 18:28:22,S017,P0057,view_clinical_notes,WS-924,Hospital-LAN,False,normal,False
E002547,2026-01-10 18:30:04,S027,P0088,view_billing,WS-887,Hospital-LAN,False,normal,False
E002548,2026-01-10 18:30:08,S023,P0046,view_summary,WS-193,Hospital-LAN,False,normal,False
E002549,2026-01-10 18:30:20,S039,P0079,view_summary,WS-353,Hospital-LAN,False,normal,False
E002550,2026-01-10 18:33:34,S012,P0114,view_clinical_notes,WS-384,Hospital-LAN,False,normal,False
E002551,2026-01-10 18:34:28,S029,P0032,view_clinical_notes,WS-619,Hospital-LAN,False,normal,False
E002552,2026-01-10 18:39:58,S010,P0164,view_billing,WS-691,Hospital-LAN,False,normal,False
E002553,2026-01-10 18:40:06,S025,P0001,view_clinical_notes,WS-494,Hospital-LAN,False,normal,False
E002554,2026-01-10 18:41:47,S023,P0095,view_summary,WS-193,Hospital-LAN,False,normal,False
E002555,2026-01-10 18:45:08,S030,P0086,view_summary,WS-961,Hospital-LAN,False,normal,False
E002556,2026-01-10 18:45:22,S035,P0123,view_billing,WS-231,Hospital-LAN,False,normal,False
E002557,2026-01-10 18:48:34,S031,P0032,view_summary,WS-880,Hospital-LAN,True,legit_break_glass,False
E002558,2026-01-10 18:48:57,S017,P0130,view_summary,WS-924,Hospital-LAN,False,normal,False
E002559,2026-01-10 18:52:38,S016,P0100,view_summary,WS-801,Hospital-LAN,False,normal,False
E002560,2026-01-10 18:56:21,S028,P0080,view_summary,WS-564,Hospital-LAN,False,normal,False
E002561,2026-01-10 18:57:07,S029,P0033,view_summary,WS-619,Hospital-LAN,False,normal,False
E002562,2026-01-10 18:58:16,S033,P0121,view_summary,WS-159,Hospital-LAN,False,normal,False
E002563,2026-01-10 18:59:49,S027,P0182,view_billing,WS-887,Hospital-LAN,False,normal,False
E002564,2026-01-10 19:03:37,S002,P0105,view_summary,WS-617,Hospital-LAN,False,normal,False
E002565,2026-01-10 19:04:29,S010,P0181,view_clinical_notes,WS-691,Hospital-LAN,False,role_abuse,True
E002566,2026-01-10 19:05:12,S031,P0013,view_clinical_notes,WS-880,Hospital-LAN,False,normal,False
E002567,2026-01-10 19:07:46,S019,P0126,view_billing,WS-505,Hospital-LAN,False,normal,False
E002568,2026-01-10 19:10:32,S032,P0140,view_clinical_notes,WS-600,Hospital-LAN,False,normal,False
E002569,2026-01-10 19:12:17,S008,P0097,view_billing,WS-649,Hospital-LAN,False,normal,False
E002570,2026-01-10 19:18:35,S020,P0189,view_summary,WS-246,Hospital-LAN,False,normal,False
E002571,2026-01-10 19:20:33,S029,P0198,view_clinical_notes,WS-619,Hospital-LAN,False,normal,False
E002572,2026-01-10 19:21:55,S035,P0016,view_billing,WS-231,Hospital-LAN,False,normal,False
E002573,2026-01-10 19:27:04,S025,P0198,view_summary,WS-494,Hospital-LAN,False,normal,False
E002574,2026-01-10 19:28:57,S001,P0101,view_billing,WS-704,Hospital-LAN,False,normal,False
E002575,2026-01-10 19:30:22,S039,P0082,view_summary,WS-353,Hospital-LAN,False,normal,False
E002576,2026-01-10 19:30:44,S013,P0129,view_summary,WS-463,Hospital-LAN,False,normal,False
E002577,2026-01-10 19:34:32,S019,P0087,view_billing,WS-505,Hospital-LAN,False,normal,False
E002578,2026-01-10 19:34:50,S013,P0009,view_summary,WS-463,Hospital-LAN,False,normal,False
E002579,2026-01-10 19:34:50,S027,P0149,view_billing,WS-887,Hospital-LAN,False,normal,False
E002580,2026-01-10 19:36:19,S002,P0105,view_summary,WS-617,Hospital-LAN,False,normal,False
E002581,2026-01-10 19:37:27,S016,P0114,view_summary,WS-801,Hospital-LAN,False,normal,False
E002582,2026-01-10 19:37:43,S035,P0134,view_billing,WS-231,Hospital-LAN,False,normal,False
E002583,2026-01-10 19:37:44,S005,P0092,view_summary,WS-814,Hospital-LAN,False,normal,False
E002584,2026-01-10 19:48:52,S028,P0070,view_clinical_notes,WS-564,Hospital-LAN,False,normal,False
E002585,2026-01-10 19:49:11,S015,P0065,view_clinical_notes,WS-376,Hospital-LAN,False,family_snooping,True
E002586,2026-01-10 19:49:43,S032,P0113,view_summary,WS-600,Hospital-LAN,False,normal,False
E002587,2026-01-10 19:50:40,S004,P0032,view_clinical_notes,WS-928,Hospital-LAN,False,normal,False
E002588,2026-01-10 19:57:35,S004,P0195,view_summary,WS-928,Hospital-LAN,False,normal,False
E002589,2026-01-10 19:59:45,S016,P0150,view_summary,WS-801,Hospital-LAN,False,normal,False
E002590,2026-01-10 20:06:47,S018,P0002,view_summary,WS-997,Hospital-LAN,False,normal,False
E002591,2026-01-10 20:08:32,S003,P0081,view_summary,WS-818,Hospital-LAN,False,normal,False
E002592,2026-01-10 20:21:26,S036,P0078,view_summary,WS-993,Hospital-LAN,False,normal,False
E002593,2026-01-10 20:25:28,S003,P0060,view_summary,WS-818,Hospital-LAN,False,normal,False
E002594,2026-01-10 20:41:23,S018,P0077,view_summary,WS-997,Hospital-LAN,False,normal,False
E002595,2026-01-10 20:42:13,S034,P0172,view_clinical_notes,WS-597,Hospital-LAN,False,normal,False
E002596,2026-01-10 21:02:31,S036,P0116,view_summary,WS-993,Hospital-LAN,False,normal,False
E002597,2026-01-10 21:02:51,S003,P0125,view_summary,WS-818,Hospital-LAN,False,normal,False
E002598,2026-01-10 21:04:31,S034,P0011,view_summary,WS-597,Hospital-LAN,False,normal,False
E002599,2026-01-10 21:06:54,S009,P0010,view_summary,WS-400,Hospital-LAN,False,normal,False
E002600,2026-01-10 21:11:34,S003,P0122,view_summary,WS-818,Hospital-LAN,False,normal,False
E002601,2026-01-10 21:17:49,S014,P0115,view_clinical_notes,WS-275,Hospital-LAN,False,normal,False
E002602,2026-01-10 21:22:35,S034,P0074,view_summary,WS-597,Hospital-LAN,False,normal,False
E002603,2026-01-10 21:26:58,S009,P0177,view_clinical_notes,WS-400,Hospital-LAN,False,normal,False
E002604,2026-01-10 21:41:55,S021,P0137,view_summary,WS-538,Hospital-LAN,False,legit_shift_cover,False
E002605,2026-01-10 21:47:03,S014,P0084,view_summary,WS-275,Hospital-LAN,False,normal,False
E002606,2026-01-10 21:57:15,S018,P0146,view_clinical_notes,WS-997,Hospital-LAN,False,normal,False
E002607,2026-01-10 22:10:42,S018,P0194,view_summary,WS-997,Hospital-LAN,False,normal,False
E002608,2026-01-10 22:14:58,S034,P0145,view_clinical_notes,WS-597,Hospital-LAN,False,normal,False
E002609,2026-01-10 22:15:07,S021,P0164,view_summary,WS-538,Hospital-LAN,False,normal,False
E002610,2026-01-10 22:17:08,S021,P0007,view_clinical_notes,WS-538,Hospital-LAN,False,normal,False
E002611,2026-01-10 22:37:45,S007,P0030,view_summary,WS-370,Hospital-LAN,False,normal,False
E002612,2026-01-10 22:39:24,S009,P0144,view_summary,WS-400,Hospital-LAN,False,normal,False
E002613,2026-01-10 22:42:41,S009,P0043,view_clinical_notes,WS-400,Hospital-LAN,False,normal,False
E002614,2026-01-10 22:43:19,S034,P0024,view_summary,WS-597,Hospital-LAN,False,normal,False
E002615,2026-01-10 22:44:46,S009,P0011,view_summary,WS-400,Hospital-LAN,False,normal,False
E002616,2026-01-10 22:50:01,S018,P0105,view_summary,WS-997,Hospital-LAN,False,normal,False
E002617,2026-01-10 23:01:59,S036,P0014,view_summary,WS-993,Hospital-LAN,False,normal,False
E002618,2026-01-10 23:13:04,S003,P0041,view_summary,WS-818,Hospital-LAN,False,normal,False
E002619,2026-01-10 23:20:22,S014,P0151,view_summary,WS-275,Hospital-LAN,False,normal,False
E002620,2026-01-10 23:31:06,S034,P0123,view_summary,WS-597,Hospital-LAN,False,normal,False
E002621,2026-01-10 23:34:38,S036,P0097,view_summary,WS-993,Hospital-LAN,False,normal,False
E002622,2026-01-10 23:35:52,S036,P0173,view_clinical_notes,WS-993,Hospital-LAN,False,normal,False
E002623,2026-01-10 23:42:37,S007,P0036,view_clinical_notes,WS-370,Hospital-LAN,False,normal,False
E002624,2026-01-10 23:43:23,S014,P0032,view_summary,WS-275,Hospital-LAN,False,normal,False
E002625,2026-01-10 23:53:00,S003,P0007,view_clinical_notes,WS-818,Hospital-LAN,False,normal,False
E002626,2026-01-11 00:02:20,S036,P0095,view_summary,WS-993,Hospital-LAN,False,normal,False
E002627,2026-01-11 00:08:07,S018,P0176,view_clinical_notes,WS-997,Hospital-LAN,False,normal,False
E002628,2026-01-11 00:08:38,S036,P0097,view_clinical_notes,WS-993,Hospital-LAN,False,normal,False
E002629,2026-01-11 00:10:03,S014,P0092,view_summary,WS-275,Hospital-LAN,False,normal,False
E002630,2026-01-11 00:34:13,S036,P0108,view_clinical_notes,WS-993,Hospital-LAN,False,normal,False
E002631,2026-01-11 00:40:44,S021,P0119,view_summary,WS-538,Hospital-LAN,False,normal,False
E002632,2026-01-11 00:56:09,S003,P0156,view_summary,WS-818,Hospital-LAN,False,normal,False
E002633,2026-01-11 01:06:03,S034,P0149,view_clinical_notes,WS-597,Hospital-LAN,False,normal,False
E002634,2026-01-11 01:08:02,S018,P0137,view_summary,WS-997,Hospital-LAN,False,normal,False
E002635,2026-01-11 01:10:40,S007,P0015,view_clinical_notes,WS-370,Hospital-LAN,False,normal,False
E002636,2026-01-11 01:12:21,S036,P0103,view_summary,WS-993,Hospital-LAN,False,normal,False
E002637,2026-01-11 01:31:55,S014,P0151,view_summary,WS-275,Hospital-LAN,False,normal,False
E002638,2026-01-11 01:36:38,S003,P0091,view_summary,WS-818,Hospital-LAN,False,normal,False
E002639,2026-01-11 01:47:04,S007,P0072,view_clinical_notes,WS-370,Hospital-LAN,False,normal,False
E002640,2026-01-11 01:53:37,S021,P0120,view_summary,WS-538,Hospital-LAN,False,normal,False
E002641,2026-01-11 02:13:09,S021,P0041,view_summary,WS-538,Hospital-LAN,False,normal,False
E002642,2026-01-11 02:13:09,S034,P0152,view_clinical_notes,WS-597,Hospital-LAN,False,normal,False
E002643,2026-01-11 02:15:16,S003,P0059,view_clinical_notes,WS-818,Hospital-LAN,False,normal,False
E002644,2026-01-11 02:19:17,S003,P0026,view_summary,WS-818,Hospital-LAN,False,normal,False
E002645,2026-01-11 02:26:09,S003,P0089,view_clinical_notes,WS-818,Hospital-LAN,False,normal,False
E002646,2026-01-11 02:57:14,S018,P0005,view_clinical_notes,WS-997,Hospital-LAN,False,normal,False
E002647,2026-01-11 03:00:16,S007,P0067,view_summary,WS-370,Hospital-LAN,False,normal,False
E002648,2026-01-11 03:03:24,S036,P0175,view_clinical_notes,WS-993,Hospital-LAN,False,normal,False
E002649,2026-01-11 03:11:17,S034,P0008,view_clinical_notes,WS-597,Hospital-LAN,False,normal,False
E002650,2026-01-11 03:26:10,S018,P0162,view_clinical_notes,WS-997,Hospital-LAN,False,normal,False
E002651,2026-01-11 03:30:01,S014,P0098,view_summary,WS-275,Hospital-LAN,False,normal,False
E002652,2026-01-11 03:45:23,S021,P0089,view_summary,WS-538,Hospital-LAN,False,normal,False
E002653,2026-01-11 03:55:10,S009,P0018,view_clinical_notes,WS-400,Hospital-LAN,False,normal,False
E002654,2026-01-11 04:06:26,S014,P0128,view_summary,WS-275,Hospital-LAN,False,legit_shift_cover,False
E002655,2026-01-11 04:13:13,S014,P0142,view_clinical_notes,WS-275,Hospital-LAN,False,normal,False
E002656,2026-01-11 04:21:03,S034,P0168,view_clinical_notes,WS-597,Hospital-LAN,False,normal,False
E002657,2026-01-11 04:23:07,S018,P0053,view_summary,WS-997,Hospital-LAN,False,legit_shift_cover,False
E002658,2026-01-11 04:30:39,S014,P0174,view_summary,WS-275,Hospital-LAN,False,normal,False
E002659,2026-01-11 04:33:44,S009,P0024,view_clinical_notes,WS-400,Hospital-LAN,False,normal,False
E002660,2026-01-11 04:57:39,S009,P0011,view_summary,WS-400,Hospital-LAN,False,normal,False
E002661,2026-01-11 05:03:31,S021,P0157,view_clinical_notes,WS-538,Hospital-LAN,False,normal,False
E002662,2026-01-11 05:17:03,S014,P0124,view_summary,WS-275,Hospital-LAN,False,normal,False
E002663,2026-01-11 05:17:33,S034,P0179,view_clinical_notes,WS-597,Hospital-LAN,False,normal,False
E002664,2026-01-11 05:31:03,S018,P0193,view_clinical_notes,WS-997,Hospital-LAN,False,normal,False
E002665,2026-01-11 06:01:24,S014,P0147,view_summary,WS-275,Hospital-LAN,False,normal,False
E002666,2026-01-11 06:05:59,S003,P0128,view_clinical_notes,WS-818,Hospital-LAN,False,normal,False
E002667,2026-01-11 06:07:42,S036,P0015,view_summary,WS-993,Hospital-LAN,False,normal,False
E002668,2026-01-11 06:15:16,S021,P0163,view_clinical_notes,WS-538,Hospital-LAN,False,normal,False
E002669,2026-01-11 06:15:17,S021,P0049,view_clinical_notes,WS-538,Hospital-LAN,False,normal,False
E002670,2026-01-11 06:33:28,S034,P0144,view_clinical_notes,WS-597,Hospital-LAN,False,normal,False
E002671,2026-01-11 06:33:49,S009,P0069,view_clinical_notes,WS-400,Hospital-LAN,False,normal,False
E002672,2026-01-11 06:36:06,S007,P0108,view_summary,WS-370,Hospital-LAN,False,normal,False
E002673,2026-01-11 06:43:27,S003,P0163,view_clinical_notes,WS-818,Hospital-LAN,False,normal,False
E002674,2026-01-11 06:43:41,S009,P0149,view_summary,WS-400,Hospital-LAN,False,normal,False
E002675,2026-01-11 06:46:15,S009,P0177,view_clinical_notes,WS-400,Hospital-LAN,False,normal,False
E002676,2026-01-11 06:57:38,S021,P0016,view_summary,WS-538,Hospital-LAN,False,normal,False
E002677,2026-01-11 06:59:10,S009,P0182,view_clinical_notes,WS-400,Hospital-LAN,False,normal,False
E002678,2026-01-11 08:02:54,S038,P0006,view_summary,WS-548,Hospital-LAN,False,normal,False
E002679,2026-01-11 08:05:29,S022,P0186,view_summary,WS-324,Hospital-LAN,False,normal,False
E002680,2026-01-11 08:06:26,S015,P0058,view_summary,WS-376,Hospital-LAN,False,normal,False
E002681,2026-01-11 08:08:04,S001,P0062,view_billing,WS-704,Hospital-LAN,False,normal,False
E002682,2026-01-11 08:09:54,S001,P0159,view_billing,WS-704,Hospital-LAN,False,normal,False
E002683,2026-01-11 08:14:54,S027,P0192,view_billing,WS-887,Hospital-LAN,False,normal,False
E002684,2026-01-11 08:17:50,S024,P0054,view_billing,WS-256,Hospital-LAN,False,normal,False
E002685,2026-01-11 08:18:57,S010,P0171,view_billing,WS-691,Hospital-LAN,False,normal,False
E002686,2026-01-11 08:19:27,S026,P0074,view_summary,WS-796,Hospital-LAN,False,legit_shift_cover,False
E002687,2026-01-11 08:23:54,S032,P0092,view_clinical_notes,WS-600,Hospital-LAN,False,normal,False
E002688,2026-01-11 08:24:24,S017,P0082,view_summary,WS-924,Hospital-LAN,False,normal,False
E002689,2026-01-11 08:26:07,S012,P0144,view_summary,WS-384,Hospital-LAN,False,normal,False
E002690,2026-01-11 08:29:45,S010,P0087,view_billing,WS-691,Hospital-LAN,False,normal,False
E002691,2026-01-11 08:37:19,S039,P0087,view_summary,WS-353,Hospital-LAN,False,normal,False
E002692,2026-01-11 08:38:09,S031,P0021,view_clinical_notes,WS-880,Hospital-LAN,False,normal,False
E002693,2026-01-11 08:39:12,S030,P0024,view_summary,WS-961,Hospital-LAN,False,normal,False
E002694,2026-01-11 08:54:13,S022,P0043,view_summary,WS-324,Hospital-LAN,False,normal,False
E002695,2026-01-11 08:55:23,S039,P0123,view_summary,WS-353,Hospital-LAN,False,normal,False
E002696,2026-01-11 08:58:02,S025,P0113,view_clinical_notes,WS-494,Hospital-LAN,False,normal,False
E002697,2026-01-11 08:58:14,S031,P0000,view_summary,WS-880,Hospital-LAN,False,normal,False
E002698,2026-01-11 09:00:09,S035,P0158,view_billing,WS-231,Hospital-LAN,False,normal,False
E002699,2026-01-11 09:01:47,S001,P0049,view_billing,WS-704,Hospital-LAN,False,normal,False
E002700,2026-01-11 09:04:03,S010,P0047,view_billing,WS-691,Hospital-LAN,False,normal,False
E002701,2026-01-11 09:04:31,S033,P0095,view_summary,WS-159,Hospital-LAN,False,normal,False
E002702,2026-01-11 09:04:36,S017,P0146,view_clinical_notes,WS-924,Hospital-LAN,False,normal,False
E002703,2026-01-11 09:06:33,S013,P0132,view_summary,WS-463,Hospital-LAN,False,normal,False
E002704,2026-01-11 09:06:34,S024,P0045,view_billing,WS-256,Hospital-LAN,False,normal,False
E002705,2026-01-11 09:06:43,S025,P0017,view_summary,WS-494,Hospital-LAN,False,normal,False
E002706,2026-01-11 09:09:18,S033,P0078,view_summary,WS-159,Hospital-LAN,False,normal,False
E002707,2026-01-11 09:09:25,S020,P0105,view_summary,WS-246,Hospital-LAN,False,normal,False
E002708,2026-01-11 09:13:34,S010,P0184,view_billing,WS-691,Hospital-LAN,False,normal,False
E002709,2026-01-11 09:14:53,S020,P0111,view_summary,WS-246,Hospital-LAN,False,normal,False
E002710,2026-01-11 09:16:43,S029,P0115,view_summary,WS-619,Hospital-LAN,False,normal,False
E002711,2026-01-11 09:18:38,S011,P0157,view_clinical_notes,WS-891,Hospital-LAN,False,normal,False
E002712,2026-01-11 09:22:27,S028,P0167,view_summary,WS-564,Hospital-LAN,False,normal,False
E002713,2026-01-11 09:23:59,S031,P0194,view_summary,WS-880,Hospital-LAN,False,normal,False
E002714,2026-01-11 09:29:20,S032,P0033,view_clinical_notes,WS-600,Hospital-LAN,False,normal,False
E002715,2026-01-11 09:29:59,S033,P0134,view_summary,WS-159,Hospital-LAN,False,normal,False
E002716,2026-01-11 09:31:59,S017,P0037,view_clinical_notes,WS-924,Hospital-LAN,False,normal,False
E002717,2026-01-11 09:34:54,S019,P0117,view_billing,WS-505,Hospital-LAN,False,normal,False
E002718,2026-01-11 09:35:16,S029,P0087,view_clinical_notes,WS-619,Hospital-LAN,False,normal,False
E002719,2026-01-11 09:35:43,S000,P0086,view_clinical_notes,WS-242,Hospital-LAN,False,normal,False
E002720,2026-01-11 09:36:08,S001,P0139,view_billing,WS-704,Hospital-LAN,False,normal,False
E002721,2026-01-11 09:42:59,S024,P0140,view_billing,WS-256,Hospital-LAN,False,normal,False
E002722,2026-01-11 09:44:10,S012,P0011,view_summary,WS-384,Hospital-LAN,False,normal,False
E002723,2026-01-11 09:50:34,S005,P0104,view_summary,WS-814,Hospital-LAN,False,normal,False
E002724,2026-01-11 09:50:39,S023,P0161,view_summary,WS-193,Hospital-LAN,False,normal,False
E002725,2026-01-11 09:51:34,S024,P0159,view_billing,WS-256,Hospital-LAN,False,normal,False
E002726,2026-01-11 09:55:18,S016,P0008,view_summary,WS-801,Hospital-LAN,False,normal,False
E002727,2026-01-11 10:00:43,S020,P0129,view_summary,WS-246,Hospital-LAN,False,normal,False
E002728,2026-01-11 10:00:59,S006,P0094,view_summary,WS-204,Hospital-LAN,False,normal,False
E002729,2026-01-11 10:04:10,S004,P0115,view_clinical_notes,WS-928,Hospital-LAN,False,normal,False
E002730,2026-01-11 10:04:17,S032,P0147,view_clinical_notes,WS-600,Hospital-LAN,False,normal,False
E002731,2026-01-11 10:05:26,S012,P0039,view_summary,WS-384,Hospital-LAN,True,legit_break_glass,False
E002732,2026-01-11 10:11:16,S024,P0023,view_billing,WS-256,Hospital-LAN,False,normal,False
E002733,2026-01-11 10:14:57,S035,P0177,view_billing,WS-231,Hospital-LAN,False,normal,False
E002734,2026-01-11 10:18:19,S038,P0007,view_summary,WS-548,Hospital-LAN,False,normal,False
E002735,2026-01-11 10:19:00,S004,P0113,view_clinical_notes,WS-928,Hospital-LAN,False,normal,False
E002736,2026-01-11 10:21:36,S026,P0155,view_clinical_notes,WS-796,Hospital-LAN,False,normal,False
E002737,2026-01-11 10:26:44,S002,P0037,view_clinical_notes,WS-617,Hospital-LAN,False,normal,False
E002738,2026-01-11 10:28:40,S027,P0002,view_billing,WS-887,Hospital-LAN,False,normal,False
E002739,2026-01-11 10:30:57,S011,P0181,view_summary,WS-891,Hospital-LAN,False,normal,False
E002740,2026-01-11 10:31:50,S028,P0039,view_clinical_notes,WS-564,Hospital-LAN,False,normal,False
E002741,2026-01-11 10:38:34,S038,P0006,view_summary,WS-548,Hospital-LAN,False,normal,False
E002742,2026-01-11 10:38:35,S029,P0076,view_clinical_notes,WS-619,Hospital-LAN,False,normal,False
E002743,2026-01-11 10:40:01,S033,P0153,view_summary,WS-159,Hospital-LAN,False,normal,False
E002744,2026-01-11 10:41:31,S017,P0009,view_summary,WS-924,Hospital-LAN,False,normal,False
E002745,2026-01-11 10:42:09,S016,P0118,view_summary,WS-801,Hospital-LAN,False,normal,False
E002746,2026-01-11 10:45:20,S005,P0065,view_summary,WS-814,Hospital-LAN,False,normal,False
E002747,2026-01-11 10:46:18,S023,P0186,view_summary,WS-193,Hospital-LAN,False,normal,False
E002748,2026-01-11 10:50:00,S000,P0063,view_summary,WS-242,Hospital-LAN,True,legit_break_glass,False
E002749,2026-01-11 10:53:57,S008,P0068,view_billing,WS-649,Hospital-LAN,False,normal,False
E002750,2026-01-11 10:54:18,S016,P0016,view_summary,WS-801,Hospital-LAN,False,normal,False
E002751,2026-01-11 10:55:02,S037,P0127,view_summary,WS-508,Hospital-LAN,False,normal,False
E002752,2026-01-11 10:56:37,S016,P0198,view_summary,WS-801,Hospital-LAN,False,normal,False
E002753,2026-01-11 11:01:28,S002,P0082,view_clinical_notes,WS-617,Hospital-LAN,False,normal,False
E002754,2026-01-11 11:07:08,S030,P0105,view_summary,WS-961,Hospital-LAN,False,normal,False
E002755,2026-01-11 11:09:19,S029,P0192,view_summary,WS-619,Hospital-LAN,False,normal,False
E002756,2026-01-11 11:13:10,S028,P0039,view_summary,WS-564,Hospital-LAN,False,normal,False
E002757,2026-01-11 11:14:46,S026,P0174,view_summary,WS-796,Hospital-LAN,False,normal,False
E002758,2026-01-11 11:17:49,S030,P0030,view_summary,WS-961,Hospital-LAN,False,normal,False
E002759,2026-01-11 11:28:23,S039,P0138,view_summary,WS-353,Hospital-LAN,False,normal,False
E002760,2026-01-11 11:28:26,S023,P0002,view_summary,WS-193,Hospital-LAN,False,normal,False
E002761,2026-01-11 11:28:28,S026,P0192,view_summary,WS-796,Hospital-LAN,False,normal,False
E002762,2026-01-11 11:34:22,S006,P0130,view_summary,WS-204,Hospital-LAN,False,normal,False
E002763,2026-01-11 11:34:53,S033,P0072,view_clinical_notes,WS-159,Hospital-LAN,False,normal,False
E002764,2026-01-11 11:35:26,S020,P0076,view_summary,WS-246,Hospital-LAN,False,normal,False
E002765,2026-01-11 11:37:19,S001,P0037,view_clinical_notes,WS-704,Hospital-LAN,False,role_abuse,True
E002766,2026-01-11 11:39:18,S001,P0182,view_billing,WS-704,Hospital-LAN,False,normal,False
E002767,2026-01-11 11:41:57,S033,P0072,view_clinical_notes,WS-159,Hospital-LAN,False,normal,False
E002768,2026-01-11 11:42:40,S010,P0056,view_billing,WS-691,Hospital-LAN,False,normal,False
E002769,2026-01-11 11:43:56,S016,P0084,view_summary,WS-801,Hospital-LAN,False,normal,False
E002770,2026-01-11 11:46:56,S019,P0116,view_billing,WS-505,Hospital-LAN,False,normal,False
E002771,2026-01-11 11:48:16,S019,P0087,view_clinical_notes,WS-505,Hospital-LAN,False,role_abuse,True
E002772,2026-01-11 11:49:40,S038,P0029,view_summary,WS-548,Hospital-LAN,False,normal,False
E002773,2026-01-11 11:51:30,S011,P0120,view_clinical_notes,WS-891,Hospital-LAN,False,normal,False
E002774,2026-01-11 11:54:04,S020,P0125,view_summary,WS-246,Hospital-LAN,False,normal,False
E002775,2026-01-11 11:54:37,S030,P0166,view_summary,WS-961,Hospital-LAN,False,normal,False
E002776,2026-01-11 11:55:03,S022,P0169,view_summary,WS-324,Hospital-LAN,False,normal,False
E002777,2026-01-11 11:58:56,S031,P0132,view_clinical_notes,WS-880,Hospital-LAN,False,normal,False
E002778,2026-01-11 12:01:24,S008,P0013,view_billing,WS-649,Hospital-LAN,False,normal,False
E002779,2026-01-11 12:08:46,S029,P0151,view_clinical_notes,WS-619,Hospital-LAN,False,normal,False
E002780,2026-01-11 12:10:49,S017,P0005,view_clinical_notes,WS-924,Hospital-LAN,False,normal,False
E002781,2026-01-11 12:11:15,S022,P0105,view_summary,WS-324,Hospital-LAN,False,normal,False
E002782,2026-01-11 12:12:00,S011,P0004,view_summary,WS-891,Hospital-LAN,False,normal,False
E002783,2026-01-11 12:12:09,S027,P0099,view_billing,WS-887,Hospital-LAN,False,normal,False
E002784,2026-01-11 12:12:59,S030,P0038,view_summary,WS-961,Hospital-LAN,False,normal,False
E002785,2026-01-11 12:13:29,S008,P0079,view_billing,WS-649,Hospital-LAN,False,normal,False
E002786,2026-01-11 12:20:23,S015,P0102,view_summary,WS-376,Hospital-LAN,False,normal,False
E002787,2026-01-11 12:20:38,S004,P0169,view_summary,WS-928,Hospital-LAN,False,normal,False
E002788,2026-01-11 12:21:20,S037,P0045,view_summary,WS-508,Hospital-LAN,False,normal,False
E002789,2026-01-11 12:22:04,S031,P0129,view_clinical_notes,WS-880,Hospital-LAN,False,normal,False
E002790,2026-01-11 12:22:20,S012,P0182,view_clinical_notes,WS-384,Hospital-LAN,False,normal,False
E002791,2026-01-11 12:26:43,S024,P0045,view_billing,WS-256,Hospital-LAN,False,normal,False
E002792,2026-01-11 12:30:16,S032,P0180,view_clinical_notes,WS-600,Hospital-LAN,False,normal,False
E002793,2026-01-11 12:30:53,S012,P0024,view_clinical_notes,WS-384,Hospital-LAN,False,normal,False
E002794,2026-01-11 12:35:54,S012,P0011,view_clinical_notes,WS-384,Hospital-LAN,False,normal,False
E002795,2026-01-11 12:40:03,S039,P0150,view_summary,WS-353,Hospital-LAN,False,normal,False
E002796,2026-01-11 12:40:19,S035,P0189,view_billing,WS-231,Hospital-LAN,False,normal,False
E002797,2026-01-11 12:42:03,S033,P0078,view_summary,WS-159,Hospital-LAN,False,normal,False
E002798,2026-01-11 12:46:54,S000,P0132,view_summary,WS-242,Hospital-LAN,False,normal,False
E002799,2026-01-11 12:47:00,S026,P0136,view_clinical_notes,WS-796,Hospital-LAN,False,normal,False
E002800,2026-01-11 12:47:44,S004,P0155,view_clinical_notes,WS-928,Hospital-LAN,False,normal,False
E002801,2026-01-11 12:48:35,S037,P0135,view_summary,WS-508,Hospital-LAN,False,normal,False
E002802,2026-01-11 12:48:45,S020,P0152,view_summary,WS-246,Hospital-LAN,False,normal,False
E002803,2026-01-11 12:49:16,S001,P0185,view_billing,WS-704,Hospital-LAN,False,normal,False
E002804,2026-01-11 12:52:16,S017,P0021,view_clinical_notes,WS-924,Hospital-LAN,False,normal,False
E002805,2026-01-11 12:54:24,S025,P0113,view_summary,WS-494,Hospital-LAN,False,normal,False
E002806,2026-01-11 12:56:56,S032,P0160,view_summary,WS-600,Hospital-LAN,False,normal,False
E002807,2026-01-11 13:00:48,S006,P0132,view_clinical_notes,WS-204,Hospital-LAN,False,normal,False
E002808,2026-01-11 13:02:41,S022,P0164,view_summary,WS-324,Hospital-LAN,False,normal,False
E002809,2026-01-11 13:05:04,S032,P0033,view_clinical_notes,WS-600,Hospital-LAN,False,normal,False
E002810,2026-01-11 13:05:35,S006,P0096,view_summary,WS-204,Hospital-LAN,False,normal,False
E002811,2026-01-11 13:05:37,S000,P0132,view_summary,WS-242,Hospital-LAN,False,normal,False
E002812,2026-01-11 13:05:43,S032,P0115,view_clinical_notes,WS-600,Hospital-LAN,False,normal,False
E002813,2026-01-11 13:08:36,S026,P0192,view_summary,WS-796,Hospital-LAN,False,normal,False
E002814,2026-01-11 13:12:18,S006,P0118,view_clinical_notes,WS-204,Hospital-LAN,False,normal,False
E002815,2026-01-11 13:12:21,S020,P0053,view_summary,WS-246,Hospital-LAN,False,normal,False
E002816,2026-01-11 13:14:26,S026,P0115,view_clinical_notes,WS-796,Hospital-LAN,False,normal,False
E002817,2026-01-11 13:15:13,S027,P0142,view_billing,WS-887,Hospital-LAN,False,normal,False
E002818,2026-01-11 13:16:15,S004,P0174,view_clinical_notes,WS-928,Hospital-LAN,False,normal,False
E002819,2026-01-11 13:19:28,S019,P0147,view_billing,WS-505,Hospital-LAN,False,normal,False
E002820,2026-01-11 13:23:58,S000,P0077,view_clinical_notes,WS-242,Hospital-LAN,False,normal,False
E002821,2026-01-11 13:24:36,S001,P0009,view_billing,WS-704,Hospital-LAN,False,normal,False
E002822,2026-01-11 13:26:13,S038,P0145,view_summary,WS-548,Hospital-LAN,False,normal,False
E002823,2026-01-11 13:27:11,S024,P0109,view_billing,WS-256,Hospital-LAN,False,normal,False
E002824,2026-01-11 13:32:05,S010,P0025,view_billing,WS-691,Hospital-LAN,False,normal,False
E002825,2026-01-11 13:32:51,S001,P0196,view_billing,WS-704,Hospital-LAN,False,normal,False
E002826,2026-01-11 13:41:50,S027,P0199,view_billing,WS-887,Hospital-LAN,False,normal,False
E002827,2026-01-11 13:46:46,S022,P0149,view_summary,WS-324,Hospital-LAN,False,normal,False
E002828,2026-01-11 13:49:49,S038,P0145,view_summary,WS-548,Hospital-LAN,False,normal,False
E002829,2026-01-11 13:51:03,S022,P0195,view_summary,WS-324,Hospital-LAN,False,normal,False
E002830,2026-01-11 13:54:12,S026,P0115,view_clinical_notes,WS-796,Hospital-LAN,False,normal,False
E002831,2026-01-11 13:55:02,S011,P0156,view_clinical_notes,WS-891,Hospital-LAN,False,normal,False
E002832,2026-01-11 13:57:18,S025,P0127,view_summary,WS-494,Hospital-LAN,False,legit_shift_cover,False
E002833,2026-01-11 13:58:16,S039,P0132,view_summary,WS-353,Hospital-LAN,False,normal,False
E002834,2026-01-11 14:03:59,S035,P0032,view_billing,WS-231,Hospital-LAN,False,normal,False
E002835,2026-01-11 14:04:31,S033,P0153,view_summary,WS-159,Hospital-LAN,False,normal,False
E002836,2026-01-11 14:05:49,S038,P0185,view_summary,WS-548,Hospital-LAN,False,normal,False
E002837,2026-01-11 14:06:31,S033,P0186,view_summary,WS-159,Hospital-LAN,False,normal,False
E002838,2026-01-11 14:07:50,S003,P0072,view_clinical_notes,WS-818,Hospital-LAN,False,family_snooping,True
E002839,2026-01-11 14:08:16,S011,P0135,view_summary,WS-891,Hospital-LAN,False,normal,False
E002840,2026-01-11 14:09:45,S019,P0112,view_billing,WS-505,Hospital-LAN,False,normal,False
E002841,2026-01-11 14:14:36,S037,P0048,view_summary,WS-508,Hospital-LAN,False,normal,False
E002842,2026-01-11 14:16:40,S010,P0058,view_clinical_notes,WS-691,Hospital-LAN,False,role_abuse,True
E002843,2026-01-11 14:19:30,S004,P0183,view_summary,WS-928,Hospital-LAN,False,normal,False
E002844,2026-01-11 14:20:01,S010,P0102,view_billing,WS-691,Hospital-LAN,False,normal,False
E002845,2026-01-11 14:20:41,S001,P0073,view_billing,WS-704,Hospital-LAN,False,normal,False
E002846,2026-01-11 14:23:00,S019,P0074,view_billing,WS-505,Hospital-LAN,False,normal,False
E002847,2026-01-11 14:23:11,S039,P0196,view_summary,WS-353,Hospital-LAN,False,normal,False
E002848,2026-01-11 14:24:09,S031,P0083,view_clinical_notes,WS-880,Hospital-LAN,False,normal,False
E002849,2026-01-11 14:24:28,S010,P0166,view_billing,WS-691,Hospital-LAN,False,normal,False
E002850,2026-01-11 14:26:32,S037,P0049,view_clinical_notes,WS-508,Hospital-LAN,False,normal,False
E002851,2026-01-11 14:26:33,S030,P0081,view_summary,WS-961,Hospital-LAN,False,normal,False
E002852,2026-01-11 14:28:33,S020,P0173,view_summary,WS-246,Hospital-LAN,False,normal,False
E002853,2026-01-11 14:30:11,S035,P0062,view_billing,WS-231,Hospital-LAN,False,normal,False
E002854,2026-01-11 14:37:02,S024,P0129,view_billing,WS-256,Hospital-LAN,False,normal,False
E002855,2026-01-11 14:39:36,S016,P0117,view_summary,WS-801,Hospital-LAN,False,normal,False
E002856,2026-01-11 14:43:37,S037,P0048,view_clinical_notes,WS-508,Hospital-LAN,False,normal,False
E002857,2026-01-11 14:44:57,S017,P0132,view_clinical_notes,WS-924,Hospital-LAN,False,normal,False
E002858,2026-01-11 14:45:01,S028,P0053,view_clinical_notes,WS-564,Hospital-LAN,False,normal,False
E002859,2026-01-11 14:45:58,S016,P0091,view_summary,WS-801,Hospital-LAN,False,normal,False
E002860,2026-01-11 14:49:17,S028,P0066,view_clinical_notes,WS-564,Hospital-LAN,False,normal,False
E002861,2026-01-11 14:49:21,S000,P0132,view_summary,WS-242,Hospital-LAN,False,normal,False
E002862,2026-01-11 14:52:09,S029,P0098,view_clinical_notes,WS-619,Hospital-LAN,False,normal,False
E002863,2026-01-11 14:52:13,S005,P0130,view_summary,WS-814,Hospital-LAN,False,normal,False
E002864,2026-01-11 14:53:35,S015,P0038,view_clinical_notes,WS-376,Hospital-LAN,False,normal,False
E002865,2026-01-11 14:54:39,S032,P0198,view_summary,WS-600,Hospital-LAN,False,normal,False
E002866,2026-01-11 14:57:24,S008,P0092,view_billing,WS-649,Hospital-LAN,False,normal,False
E002867,2026-01-11 15:00:10,S037,P0045,view_clinical_notes,WS-508,Hospital-LAN,False,normal,False
E002868,2026-01-11 15:01:53,S035,P0133,view_billing,WS-231,Hospital-LAN,False,normal,False
E002869,2026-01-11 15:01:57,S017,P0105,view_summary,WS-924,Hospital-LAN,False,normal,False
E002870,2026-01-11 15:03:19,S025,P0151,view_clinical_notes,WS-494,Hospital-LAN,False,normal,False
E002871,2026-01-11 15:04:12,S027,P0014,view_billing,WS-887,Hospital-LAN,False,normal,False
E002872,2026-01-11 15:07:30,S028,P0199,view_summary,WS-564,Hospital-LAN,False,normal,False
E002873,2026-01-11 15:08:07,S015,P0073,view_clinical_notes,WS-376,Hospital-LAN,False,normal,False
E002874,2026-01-11 15:09:36,S005,P0166,view_summary,WS-814,Hospital-LAN,False,normal,False
E002875,2026-01-11 15:10:07,S031,P0057,view_summary,WS-880,Hospital-LAN,False,normal,False
E002876,2026-01-11 15:14:33,S026,P0147,view_clinical_notes,WS-796,Hospital-LAN,False,normal,False
E002877,2026-01-11 15:18:10,S019,P0191,view_billing,WS-505,Hospital-LAN,False,normal,False
E002878,2026-01-11 15:20:11,S004,P0113,view_clinical_notes,WS-928,Hospital-LAN,False,normal,False
E002879,2026-01-11 15:21:27,S004,P0188,view_summary,WS-928,Hospital-LAN,False,normal,False
E002880,2026-01-11 15:23:32,S032,P0192,view_clinical_notes,WS-600,Hospital-LAN,False,normal,False
E002881,2026-01-11 15:24:29,S025,P0183,view_clinical_notes,WS-494,Hospital-LAN,False,normal,False
E002882,2026-01-11 15:31:20,S005,P0152,view_summary,WS-814,Hospital-LAN,False,normal,False
E002883,2026-01-11 15:38:47,S020,P0082,view_summary,WS-246,Hospital-LAN,False,normal,False
E002884,2026-01-11 15:39:44,S035,P0053,view_billing,WS-231,Hospital-LAN,False,normal,False
E002885,2026-01-11 15:40:17,S022,P0156,view_summary,WS-324,Hospital-LAN,False,normal,False
E002886,2026-01-11 15:42:08,S011,P0171,view_summary,WS-891,Hospital-LAN,False,normal,False
E002887,2026-01-11 15:45:15,S025,P0028,view_summary,WS-494,Hospital-LAN,False,legit_shift_cover,False
E002888,2026-01-11 15:45:16,S017,P0009,view_summary,WS-924,Hospital-LAN,False,normal,False
E002889,2026-01-11 15:45:50,S030,P0027,view_summary,WS-961,Hospital-LAN,False,normal,False
E002890,2026-01-11 15:51:29,S023,P0198,view_summary,WS-193,Hospital-LAN,False,normal,False
E002891,2026-01-11 15:58:08,S008,P0170,view_billing,WS-649,Hospital-LAN,False,normal,False
E002892,2026-01-11 15:58:34,S002,P0082,view_clinical_notes,WS-617,Hospital-LAN,False,normal,False
E002893,2026-01-11 16:00:24,S011,P0185,view_summary,WS-891,Hospital-LAN,False,normal,False
E002894,2026-01-11 16:01:55,S008,P0179,view_billing,WS-649,Hospital-LAN,False,normal,False
E002895,2026-01-11 16:02:32,S023,P0027,view_summary,WS-193,Hospital-LAN,False,normal,False
E002896,2026-01-11 16:03:00,S016,P0185,view_summary,WS-801,Hospital-LAN,False,normal,False
E002897,2026-01-11 16:04:36,S010,P0060,view_billing,WS-691,Hospital-LAN,False,normal,False
E002898,2026-01-11 16:06:15,S035,P0054,view_billing,WS-231,Hospital-LAN,False,normal,False
E002899,2026-01-11 16:09:28,S013,P0077,view_clinical_notes,WS-463,Hospital-LAN,False,normal,False
E002900,2026-01-11 16:09:35,S035,P0194,view_billing,WS-231,Hospital-LAN,False,normal,False
E002901,2026-01-11 16:09:46,S013,P0078,view_summary,WS-463,Hospital-LAN,True,legit_break_glass,False
E002902,2026-01-11 16:12:10,S038,P0141,view_summary,WS-548,Hospital-LAN,False,normal,False
E002903,2026-01-11 16:12:48,S024,P0125,view_billing,WS-256,Hospital-LAN,False,normal,False
E002904,2026-01-11 16:13:04,S029,P0155,view_clinical_notes,WS-619,Hospital-LAN,False,normal,False
E002905,2026-01-11 16:13:35,S002,P0082,view_clinical_notes,WS-617,Hospital-LAN,False,normal,False
E002906,2026-01-11 16:15:26,S006,P0105,view_summary,WS-204,Hospital-LAN,False,normal,False
E002907,2026-01-11 16:17:54,S004,P0055,view_summary,WS-928,Hospital-LAN,True,legit_break_glass,False
E002908,2026-01-11 16:20:24,S024,P0067,view_billing,WS-256,Hospital-LAN,False,normal,False
E002909,2026-01-11 16:21:38,S031,P0021,view_clinical_notes,WS-880,Hospital-LAN,False,normal,False
E002910,2026-01-11 16:23:29,S013,P0000,view_clinical_notes,WS-463,Hospital-LAN,False,normal,False
E002911,2026-01-11 16:24:20,S002,P0196,view_summary,WS-617,Hospital-LAN,False,normal,False
E002912,2026-01-11 16:24:58,S001,P0147,view_billing,WS-704,Hospital-LAN,False,normal,False
E002913,2026-01-11 16:25:12,S019,P0129,view_billing,WS-505,Hospital-LAN,False,normal,False
E002914,2026-01-11 16:25:30,S027,P0158,view_clinical_notes,WS-887,Hospital-LAN,False,role_abuse,True
E002915,2026-01-11 16:25:50,S038,P0128,view_summary,WS-548,Hospital-LAN,False,normal,False
E002916,2026-01-11 16:26:33,S015,P0063,view_summary,WS-376,Hospital-LAN,False,normal,False
E002917,2026-01-11 16:30:11,S012,P0123,view_clinical_notes,WS-384,Hospital-LAN,False,low_slow_in_ward,True
E002918,2026-01-11 16:31:46,S023,P0026,view_summary,WS-193,Hospital-LAN,False,normal,False
E002919,2026-01-11 16:32:13,S029,P0169,view_summary,WS-619,Hospital-LAN,False,normal,False
E002920,2026-01-11 16:32:48,S011,P0045,view_summary,WS-891,Hospital-LAN,False,normal,False
E002921,2026-01-11 16:34:00,S010,P0165,view_billing,WS-691,Hospital-LAN,False,normal,False
E002922,2026-01-11 16:35:59,S012,P0088,view_clinical_notes,WS-384,Hospital-LAN,False,normal,False
E002923,2026-01-11 16:38:24,S022,P0024,view_summary,WS-324,Hospital-LAN,False,normal,False
E002924,2026-01-11 16:40:46,S028,P0178,view_summary,WS-564,Hospital-LAN,False,normal,False
E002925,2026-01-11 16:41:11,S000,P0002,view_summary,WS-242,Hospital-LAN,False,normal,False
E002926,2026-01-11 16:43:26,S011,P0049,view_summary,WS-891,Hospital-LAN,False,normal,False
E002927,2026-01-11 16:43:31,S013,P0162,view_summary,WS-463,Hospital-LAN,False,normal,False
E002928,2026-01-11 16:47:17,S005,P0182,view_summary,WS-814,Hospital-LAN,False,normal,False
E002929,2026-01-11 16:49:27,S017,P0037,view_summary,WS-924,Hospital-LAN,False,normal,False
E002930,2026-01-11 16:49:39,S002,P0194,view_clinical_notes,WS-617,Hospital-LAN,False,normal,False
E002931,2026-01-11 16:50:26,S027,P0170,view_billing,WS-887,Hospital-LAN,False,normal,False
E002932,2026-01-11 16:56:36,S028,P0187,view_summary,WS-564,Hospital-LAN,False,normal,False
E002933,2026-01-11 17:00:39,S016,P0134,view_summary,WS-801,Hospital-LAN,False,normal,False
E002934,2026-01-11 17:03:06,S015,P0197,view_summary,WS-376,Hospital-LAN,False,normal,False
E002935,2026-01-11 17:09:46,S030,P0134,view_summary,WS-961,Hospital-LAN,False,normal,False
E002936,2026-01-11 17:15:20,S013,P0146,view_summary,WS-463,Hospital-LAN,False,normal,False
E002937,2026-01-11 17:17:02,S039,P0170,view_summary,WS-353,Hospital-LAN,False,normal,False
E002938,2026-01-11 17:18:20,S013,P0094,view_clinical_notes,WS-463,Hospital-LAN,False,normal,False
E002939,2026-01-11 17:18:29,S012,P0042,view_summary,WS-384,Hospital-LAN,False,normal,False
E002940,2026-01-11 17:20:11,S024,P0007,view_billing,WS-256,Hospital-LAN,False,normal,False
E002941,2026-01-11 17:24:51,S004,P0192,view_clinical_notes,WS-928,Hospital-LAN,False,normal,False
E002942,2026-01-11 17:31:49,S006,P0162,view_summary,WS-204,Hospital-LAN,False,normal,False
E002943,2026-01-11 17:36:41,S012,P0190,view_summary,WS-384,Hospital-LAN,False,normal,False
E002944,2026-01-11 17:38:32,S019,P0015,view_billing,WS-505,Hospital-LAN,False,normal,False
E002945,2026-01-11 17:39:12,S004,P0124,view_summary,WS-928,Hospital-LAN,False,normal,False
E002946,2026-01-11 17:41:03,S032,P0174,view_summary,WS-600,Hospital-LAN,False,normal,False
E002947,2026-01-11 17:42:41,S029,P0188,view_summary,WS-619,Hospital-LAN,False,normal,False
E002948,2026-01-11 17:48:26,S025,P0084,view_summary,WS-494,Hospital-LAN,False,normal,False
E002949,2026-01-11 17:49:13,S008,P0058,view_billing,WS-649,Hospital-LAN,False,normal,False
E002950,2026-01-11 17:50:02,S026,P0198,view_summary,WS-796,Hospital-LAN,False,normal,False
E002951,2026-01-11 17:50:15,S004,P0098,view_clinical_notes,WS-928,Hospital-LAN,False,normal,False
E002952,2026-01-11 17:50:58,S016,P0178,view_summary,WS-801,Hospital-LAN,False,normal,False
E002953,2026-01-11 17:51:00,S008,P0059,view_billing,WS-649,Hospital-LAN,False,normal,False
E002954,2026-01-11 17:51:19,S008,P0187,view_billing,WS-649,Hospital-LAN,False,normal,False
E002955,2026-01-11 17:51:47,S011,P0164,view_summary,WS-891,Hospital-LAN,False,normal,False
E002956,2026-01-11 17:55:24,S027,P0137,view_billing,WS-887,Hospital-LAN,False,normal,False
E002957,2026-01-11 18:02:15,S027,P0190,view_billing,WS-887,Hospital-LAN,False,normal,False
E002958,2026-01-11 18:03:33,S038,P0055,view_summary,WS-548,Hospital-LAN,False,normal,False
E002959,2026-01-11 18:07:55,S023,P0054,view_summary,WS-193,Hospital-LAN,False,normal,False
E002960,2026-01-11 18:13:17,S008,P0171,view_billing,WS-649,Hospital-LAN,False,normal,False
E002961,2026-01-11 18:15:02,S002,P0118,view_summary,WS-617,Hospital-LAN,False,normal,False
E002962,2026-01-11 18:15:51,S027,P0180,view_billing,WS-887,Hospital-LAN,False,normal,False
E002963,2026-01-11 18:18:39,S015,P0058,view_clinical_notes,WS-376,Hospital-LAN,False,normal,False
E002964,2026-01-11 18:23:21,S023,P0036,view_summary,WS-193,Hospital-LAN,False,normal,False
E002965,2026-01-11 18:26:24,S005,P0118,view_summary,WS-814,Hospital-LAN,False,normal,False
E002966,2026-01-11 18:28:23,S001,P0098,view_billing,WS-704,Hospital-LAN,False,normal,False
E002967,2026-01-11 18:28:37,S025,P0029,view_summary,WS-494,Hospital-LAN,False,normal,False
E002968,2026-01-11 18:30:25,S039,P0012,view_summary,WS-353,Hospital-LAN,False,normal,False
E002969,2026-01-11 18:30:38,S037,P0060,view_clinical_notes,WS-508,Hospital-LAN,False,normal,False
E002970,2026-01-11 18:30:57,S028,P0046,view_summary,WS-564,Hospital-LAN,False,normal,False
E002971,2026-01-11 18:34:52,S013,P0086,view_summary,WS-463,Hospital-LAN,False,normal,False
E002972,2026-01-11 18:35:55,S028,P0150,view_summary,WS-564,Hospital-LAN,False,normal,False
E002973,2026-01-11 18:41:21,S000,P0005,view_clinical_notes,WS-242,Hospital-LAN,False,normal,False
E002974,2026-01-11 18:41:27,S011,P0156,view_clinical_notes,WS-891,Hospital-LAN,False,normal,False
E002975,2026-01-11 18:41:57,S017,P0055,view_summary,WS-924,Hospital-LAN,True,legit_break_glass,False
E002976,2026-01-11 18:42:03,S016,P0024,view_summary,WS-801,Hospital-LAN,False,normal,False
E002977,2026-01-11 18:44:41,S029,P0076,view_clinical_notes,WS-619,Hospital-LAN,False,normal,False
E002978,2026-01-11 18:49:44,S038,P0065,view_summary,WS-548,Hospital-LAN,False,normal,False
E002979,2026-01-11 18:49:55,S002,P0146,view_clinical_notes,WS-617,Hospital-LAN,False,normal,False
E002980,2026-01-11 18:50:56,S005,P0024,view_summary,WS-814,Hospital-LAN,False,normal,False
E002981,2026-01-11 18:52:02,S029,P0084,view_summary,WS-619,Hospital-LAN,False,normal,False
E002982,2026-01-11 18:52:04,S010,P0196,view_billing,WS-691,Hospital-LAN,False,normal,False
E002983,2026-01-11 18:56:45,S031,P0170,view_summary,WS-880,Hospital-LAN,False,normal,False
E002984,2026-01-11 18:56:49,S037,P0055,view_summary,WS-508,Hospital-LAN,False,normal,False
E002985,2026-01-11 18:57:10,S029,P0113,view_clinical_notes,WS-619,Hospital-LAN,False,normal,False
E002986,2026-01-11 18:59:08,S032,P0029,view_clinical_notes,WS-600,Hospital-LAN,False,normal,False
E002987,2026-01-11 19:04:50,S025,P0032,view_summary,WS-494,Hospital-LAN,False,normal,False
E002988,2026-01-11 19:05:46,S005,P0121,view_summary,WS-814,Hospital-LAN,False,normal,False
E002989,2026-01-11 19:08:09,S027,P0155,view_clinical_notes,WS-887,Hospital-LAN,False,role_abuse,True
E002990,2026-01-11 19:10:04,S037,P0048,view_clinical_notes,WS-508,Hospital-LAN,False,normal,False
E002991,2026-01-11 19:11:56,S013,P0000,view_clinical_notes,WS-463,Hospital-LAN,False,normal,False
E002992,2026-01-11 19:14:18,S038,P0043,view_summary,WS-548,Hospital-LAN,False,normal,False
E002993,2026-01-11 19:15:42,S030,P0112,view_summary,WS-961,Hospital-LAN,False,normal,False
E002994,2026-01-11 19:21:16,S012,P0145,view_clinical_notes,WS-384,Hospital-LAN,False,normal,False
E002995,2026-01-11 19:21:55,S028,P0066,view_summary,WS-564,Hospital-LAN,False,normal,False
E002996,2026-01-11 19:24:18,S028,P0062,view_summary,WS-564,Hospital-LAN,False,normal,False
E002997,2026-01-11 19:27:13,S039,P0162,view_summary,WS-353,Hospital-LAN,False,normal,False
E002998,2026-01-11 19:28:28,S000,P0111,view_summary,WS-242,Hospital-LAN,False,normal,False
E002999,2026-01-11 19:28:56,S012,P0023,view_clinical_notes,WS-384,Hospital-LAN,False,normal,False
E003000,2026-01-11 19:34:19,S026,P0098,view_summary,WS-796,Hospital-LAN,False,normal,False
E003001,2026-01-11 19:37:23,S015,P0025,view_summary,WS-376,Hospital-LAN,False,normal,False
E003002,2026-01-11 19:39:15,S006,P0096,view_clinical_notes,WS-204,Hospital-LAN,False,normal,False
E003003,2026-01-11 19:46:03,S002,P0137,view_summary,WS-617,Hospital-LAN,False,normal,False
E003004,2026-01-11 19:46:19,S006,P0009,view_summary,WS-204,Hospital-LAN,False,normal,False
E003005,2026-01-11 19:52:29,S026,P0098,view_summary,WS-796,Hospital-LAN,False,normal,False
E003006,2026-01-11 19:52:33,S014,P0100,view_clinical_notes,WS-275,Hospital-LAN,False,family_snooping,True
E003007,2026-01-11 19:53:56,S024,P0152,view_billing,WS-256,Hospital-LAN,False,normal,False
E003008,2026-01-11 19:56:21,S027,P0035,view_billing,WS-887,Hospital-LAN,False,normal,False
E003009,2026-01-11 19:57:34,S006,P0162,view_summary,WS-204,Hospital-LAN,False,normal,False
E003010,2026-01-11 19:59:57,S020,P0045,view_summary,WS-246,Hospital-LAN,False,normal,False
E003011,2026-01-11 20:03:24,S007,P0107,view_clinical_notes,WS-370,Hospital-LAN,False,normal,False
E003012,2026-01-11 20:22:41,S003,P0120,view_clinical_notes,WS-818,Hospital-LAN,False,normal,False
E003013,2026-01-11 20:28:36,S003,P0125,view_clinical_notes,WS-818,Hospital-LAN,False,low_slow_in_ward,True
E003014,2026-01-11 20:35:26,S003,P0125,view_summary,WS-818,Hospital-LAN,False,normal,False
E003015,2026-01-11 20:44:36,S007,P0097,view_summary,WS-370,Hospital-LAN,False,normal,False
E003016,2026-01-11 20:55:46,S036,P0072,view_summary,WS-993,Hospital-LAN,False,normal,False
E003017,2026-01-11 21:01:18,S014,P0192,view_clinical_notes,WS-275,Hospital-LAN,False,normal,False
E003018,2026-01-11 21:03:08,S036,P0107,view_summary,WS-993,Hospital-LAN,False,normal,False
E003019,2026-01-11 21:15:38,S021,P0045,view_clinical_notes,WS-538,Hospital-LAN,False,normal,False
E003020,2026-01-11 21:16:41,S009,P0114,view_summary,WS-400,Hospital-LAN,False,normal,False
E003021,2026-01-11 21:20:34,S021,P0127,view_clinical_notes,WS-538,Hospital-LAN,False,normal,False
E003022,2026-01-11 21:22:16,S007,P0186,view_summary,WS-370,Hospital-LAN,False,normal,False
E003023,2026-01-11 21:24:42,S014,P0087,view_clinical_notes,WS-275,Hospital-LAN,False,normal,False
E003024,2026-01-11 21:28:07,S036,P0134,view_clinical_notes,WS-993,Hospital-LAN,False,normal,False
E003025,2026-01-11 21:29:51,S034,P0030,view_summary,WS-597,Hospital-LAN,False,legit_shift_cover,False
E003026,2026-01-11 21:34:46,S003,P0055,view_summary,WS-818,Hospital-LAN,False,normal,False
E003027,2026-01-11 21:43:03,S034,P0074,view_summary,WS-597,Hospital-LAN,False,normal,False
E003028,2026-01-11 21:47:07,S034,P0074,view_summary,WS-597,Hospital-LAN,False,normal,False
E003029,2026-01-11 21:59:35,S034,P0023,view_clinical_notes,WS-597,Hospital-LAN,False,normal,False
E003030,2026-01-11 22:13:59,S018,P0129,view_clinical_notes,WS-997,Hospital-LAN,False,normal,False
E003031,2026-01-11 22:24:23,S018,P0013,view_clinical_notes,WS-997,Hospital-LAN,False,normal,False
E003032,2026-01-11 22:27:44,S036,P0103,view_summary,WS-993,Hospital-LAN,False,normal,False
E003033,2026-01-11 22:38:20,S007,P0186,view_summary,WS-370,Hospital-LAN,False,normal,False
E003034,2026-01-11 22:48:34,S003,P0135,view_summary,WS-818,Hospital-LAN,False,normal,False
E003035,2026-01-11 22:56:26,S007,P0108,view_clinical_notes,WS-370,Hospital-LAN,False,normal,False
E003036,2026-01-11 23:07:03,S034,P0010,view_clinical_notes,WS-597,Hospital-LAN,False,normal,False
E003037,2026-01-11 23:14:05,S036,P0131,view_summary,WS-993,Hospital-LAN,False,normal,False
E003038,2026-01-11 23:17:28,S021,P0125,view_clinical_notes,WS-538,Hospital-LAN,False,normal,False
E003039,2026-01-11 23:17:56,S014,P0057,view_summary,WS-275,Hospital-LAN,True,legit_break_glass,False
E003040,2026-01-11 23:18:12,S034,P0152,view_summary,WS-597,Hospital-LAN,False,normal,False
E003041,2026-01-11 23:19:54,S003,P0049,view_clinical_notes,WS-818,Hospital-LAN,False,normal,False
E003042,2026-01-11 23:24:32,S014,P0169,view_summary,WS-275,Hospital-LAN,False,normal,False
E003043,2026-01-11 23:26:47,S036,P0175,view_summary,WS-993,Hospital-LAN,False,normal,False
E003044,2026-01-11 23:40:22,S018,P0068,view_summary,WS-997,Hospital-LAN,False,normal,False
E003045,2026-01-11 23:56:18,S018,P0129,view_summary,WS-997,Hospital-LAN,False,normal,False
